Workbook

Sheet Index
B2: PSI 시트 구성 | E2: 46057
B3: 구분 | C3: 내용 | D3: 비고 | E3: KPI_평가항목/성과지표 | G3: SCM 주 업무
B4: 대시보드 | C4: 재고지표, 상태별 현황 | D4: - | E4: - | G4: 주기 | H4: 목적 | I4: 비고
B5: PSI_메인 | C5: 월별 공급계획, 입출고, 재고 현황 | D5: - | E5: - | G5: 루틴 | H5: 재고관리 | I5: 데일리 현황 체크 및 필요시 정량발주
B6: ABC-XYZ분석 | C6: 구분에 따른 재고전략 | D6: - | E6: - | G6: 루틴 | H6: 납기관리 | I6: 발생시 마다 기재 관리
B7: 안전재고 | C7: 안전재고 산출 | D7: 26년_KPI_지표 | E7: 안전재고 준수율 | G7: 주별 | H7: 재고소진 독려 | I7: 대시보드 또는 재고분석 시트 이용
B8: 재고분석 | C8: 재고상태에 따른 조치 가이드 | D8: 26년_KPI_지표 | E8: 적정재고 달성률 | G8: 월별 | H8: 공급물량 산출 방식 | I8: 브랜드팀에 가이드 제시(S&OP)
B9: 공급물량 | C9: 월 공급물량 산출 | D9: - | E9: - | G9: 월별 | H9: 수요예측 및 SOP미팅 | I9: 예측 물량 도출(S&OP)
B10: 재고 | C10: 창고-본사 재고 데이터 | D10: 기존데이타 | E10: - | G10: 월별 | H10: 월 마감 | I10: 추세선 분석/리뷰 및 개선방안 도출
B11: 입항스케줄 | C11: 수입 관련 일정 및 현황 | D11: 기존데이타 | E11: - | G11: 분기 | H11: KPI 평가 및 지표 | I11: 기간별 평가
B12: 출고 (2) | C12: 년/월 출고 RAW 데이터 | D12: 기존데이타 | E12: -
B13: 통합지표 | C13: 월 마감 통합지표 | D13: - | E13: -
B14: 실출고율 | C14: 포캐스트 vs 실출고율 | D14: 26년_KPI_지표 | E14: 수요예측 vs 공급계획 | G14: 주요확인 및 업데이트 필요 사항
B15: 결품관리 | C15: 월별 결품률 관리 | D15: 26년_KPI_지표 | E15: 결품률 최소화 관리 | F15: 1 | G15: 현재고 : 재고현황 (향후 WMS 추출 양식으로 변경 필요)
B16: 회전율 관리 | C16: 회전율 및 회전일 관리 | D16: 26년_KPI_지표 | E16: 재고회전율 | F16: 2 | G16: 안전재고 : ABC 서비스 레벨 + XYZ보정계수 -> 상황에 맞게 비율(1.25 1.15 등) 적용(수정) 해야함
B17: 납기준수 관리 | C17: 수입/구매 납기율 관리 | D17: 26년_KPI_지표 | E17: 공급업체 납기준수율 | F17: 3 | G17: 적정재고 지표(재고분석) : 등급별 재고 대비 안전재고 비율(일출고량x리드타임+안전재고)
B18: 수요변동 관리 | C18: XYZ 등급 월별 관리 및 실행방안 | D18: - | E18: - | F18: 4 | G18: PSI_메인 : 월별 입출고/재고 물량 관리 데이터 -> 발생시 마다 업데이트
B20: 공급물량 산출
B21: 1. 기준정립 및 설정
B22: 1)리드타임 : 발주부터 입고완료까지의 기간 (가용재고시까지의 기간)
B23: 2)월평균 출고량 : 전년 동월 물량 + 올해 예상 증감 % 감안 + 계절성 감안(예, 겨울에는 여름제품 발주안함)
B24: 3)안전재고 : √LT(루트리드타임) x 수요표준편차 x 서비스레벨 -> "수요변동성"만 고려됨 , 향후 추가 리드타임 고려된 산출식으로 고도화 필요
B25: 4)ABC/XYZ 구분
B26: 5)안전재고 설정
B27: 6)재고 상태 설정
B28: 7)발주 여부 설정
B30: 2. 최종 공급 물량 산출
B31: (일평균출고 x 리드타임 x 사이클보정계수) + 안전재고
B33: 수요예측 (S&OP_미팅시 협의)
... B42: 납기기준 일정 vs 실 입고일

Sheet 대시보드
H1: 최근3개월 평균출고
B2: PSI 통합 대시보드 - 2026년 1월 기준
B4: 주요 재고 지표 | H4: 긴급 조치 필요 품목 TOP 10 | M4: 권장수량 | R4: 긴급조치 TOP10 선정 기준
B5: 지표 | C5: 값 | D5: 단위 | E5: 상태 | H5: 순위 | I5: SKU코드 | J5: 제품명 | K5: 상태 | L5: 현재고 | M5: 안전재고 | N5: 조치사항 | O5: 회전율 | P5: 비고 | R5: 1. 재고 상태 필터링
B6: 총 SKU 수 | C6: =COUNTA(재고분석!C2:C100) -> 99 | D6: 개 | E6: - | H6: 1 | I6: {=IFERROR(INDEX(재고분석!C:C,SMALL(IF((재고분석!N:N="부족")+(재고분석!N:N="재주문필요"),ROW(재고분석!N:N)),1)),"")} -> ABC13 | J6: =_xlfn.XLOOKUP(I6,PSI_메인!A:A,PSI_메인!B:B) -> 0 | K6: =_xlfn.XLOOKUP(I6,재고분석!C:C,재고분석!N:N) -> 부족 | L6: =SUMIF(재고분석!C:C,대시보드!I6,재고분석!H:H) -> 1 | M6: =SUMIF(재고분석!C:C,대시보드!I6,재고분석!I:I) -> 742 | N6: =IF(K6="부족","긴급발주",IF(K6="재주문필요","주문진행",IF(K6="","",IF(K6="과잉","프로모션",IF(K6="적정","정상",""))))) -> 긴급발주 | O6: =_xlfn.XLOOKUP(I6,재고분석!C:C,재고분석!O:O) -> 우수 | P6: =_xlfn.XLOOKUP(I6,'ABC-XYZ분석 (2)'!C:C,'ABC-XYZ분석 (2)'!B:B) -> 신재품 | R6: 긴급 조치가 필요한 상태: 오른쪽 캡쳐(표)참조
B7: 총 재고금액 | C7: =SUM(재고분석!R2:R100) -> 214333893 | D7: 원 | E7: - | H7: 2 | I7: {=IFERROR(INDEX(재고분석!C:C,SMALL(IF((재고분석!N:N="부족")+(재고분석!N:N="재주문필요"),ROW(재고분석!N:N)),2)),"")} -> ABC14 | J7: =_xlfn.XLOOKUP(I7,PSI_메인!A:A,PSI_메인!B:B) -> 0 | K7: =IFERROR(INDEX(재고분석!$N:$N,MATCH(I7,재고분석!$C:$C,0)),"") -> 부족 | L7: =SUMIF(재고분석!C:C,대시보드!I7,재고분석!H:H) -> 2 | M7: =SUMIF(재고분석!C:C,대시보드!I7,재고분석!I:I) -> 47 | N7: =IF(K7="부족","긴급발주",IF(K7="재주문필요","주문진행",IF(K7="","",IF(K7="과잉","프로모션",IF(K7="적정","정상",""))))) -> 긴급발주 | O7: =_xlfn.XLOOKUP(I7,재고분석!C:C,재고분석!O:O) -> 우수 | P7: =_xlfn.XLOOKUP(I7,'ABC-XYZ분석 (2)'!C:C,'ABC-XYZ분석 (2)'!B:B) -> 신재품 | R7: -부족 (현재고 < 안전재고) - 최우선
B8: 평균 재고회전일 | C8: =AVERAGE(재고분석!M:M) -> 280.19258 | D8: 일 | E8: - | H8: 3 | I8: {=IFERROR(INDEX(재고분석!C:C,SMALL(IF((재고분석!N:N="부족")+(재고분석!N:N="재주문필요"),ROW(재고분석!N:N)),3)),"")} -> ABC16 | J8: =_xlfn.XLOOKUP(I8,PSI_메인!A:A,PSI_메인!B:B) -> 0 | K8: =IFERROR(INDEX(재고분석!$N:$N,MATCH(I8,재고분석!$C:$C,0)),"") -> 부족 | L8: =SUMIF(재고분석!C:C,대시보드!I8,재고분석!H:H) -> 24 | M8: =SUMIF(재고분석!C:C,대시보드!I8,재고분석!I:I) -> 45 | N8: =IF(K8="부족","긴급발주",IF(K8="재주문필요","주문진행",IF(K8="","",IF(K8="과잉","프로모션",IF(K8="적정","정상",""))))) -> 긴급발주 | O8: =_xlfn.XLOOKUP(I8,재고분석!C:C,재고분석!O:O) -> 우수 | P8: =_xlfn.XLOOKUP(I8,'ABC-XYZ분석 (2)'!C:C,'ABC-XYZ분석 (2)'!B:B) -> 신재품 | R8: -재주문필요
B9: 재고부족 품목 | C9: =COUNTIF(재고분석!N:N,"부족") -> 27 | D9: 개 | E9: =IF(C9>0,"경고","정상") -> 경고 | H9: 4 | I9: {=IFERROR(INDEX(재고분석!C:C,SMALL(IF((재고분석!N:N="부족")+(재고분석!N:N="재주문필요"),ROW(재고분석!N:N)),4)),"")} -> ABC17 | J9: =_xlfn.XLOOKUP(I9,PSI_메인!A:A,PSI_메인!B:B) -> 0 | K9: =IFERROR(INDEX(재고분석!$N:$N,MATCH(I9,재고분석!$C:$C,0)),"") -> 부족 | L9: =SUMIF(재고분석!C:C,대시보드!I9,재고분석!H:H) -> 10 | M9: =SUMIF(재고분석!C:C,대시보드!I9,재고분석!I:I) -> 20 | N9: =IF(K9="부족","긴급발주",IF(K9="재주문필요","주문진행",IF(K9="","",IF(K9="과잉","프로모션",IF(K9="적정","정상",""))))) -> 긴급발주 | O9: =_xlfn.XLOOKUP(I9,재고분석!C:C,재고분석!O:O) -> 우수 | P9: =_xlfn.XLOOKUP(I9,'ABC-XYZ분석 (2)'!C:C,'ABC-XYZ분석 (2)'!B:B) -> 신재품 | R9: -과잉
B10: 재주문필요 품목 | C10: =COUNTIF(재고분석!N:N,"재주문") -> 8 | D10: 개 | E10: =IF(C10>0,"조치필요","정상") -> 조치필요 | H10: 5 | I10: {=IFERROR(INDEX(재고분석!C:C,SMALL(IF((재고분석!N:N="부족")+(재고분석!N:N="재주문필요"),ROW(재고분석!N:N)),5)),"")} -> ABC18 | J10: =_xlfn.XLOOKUP(I10,PSI_메인!A:A,PSI_메인!B:B) -> 0 | K10: =IFERROR(INDEX(재고분석!$N:$N,MATCH(I10,재고분석!$C:$C,0)),"") -> 부족 | L10: =SUMIF(재고분석!C:C,대시보드!I10,재고분석!H:H) -> 47 | M10: =SUMIF(재고분석!C:C,대시보드!I10,재고분석!I:I) -> 69 | N10: =IF(K10="부족","긴급발주",IF(K10="재주문필요","주문진행",IF(K10="","",IF(K10="과잉","프로모션",IF(K10="적정","정상",""))))) -> 긴급발주 | O10: =_xlfn.XLOOKUP(I10,재고분석!C:C,재고분석!O:O) -> 우수 | P10: =_xlfn.XLOOKUP(I10,'ABC-XYZ분석 (2)'!C:C,'ABC-XYZ분석 (2)'!B:B) -> 신재품
B11: 재고과잉 품목 | C11: =COUNTIF(재고분석!N:N,"과잉") -> 23 | D11: 개 | E11: =IF(C11>0,"검토필요","정상") -> 검토필요 | H11: 6 | I11: {=IFERROR(INDEX(재고분석!C:C,SMALL(IF((재고분석!N:N="부족")+(재고분석!N:N="재주문필요"),ROW(재고분석!N:N)),6)),"")} -> ABC19 | J11: =_xlfn.XLOOKUP(I11,PSI_메인!A:A,PSI_메인!B:B) -> 0 | K11: =IFERROR(INDEX(재고분석!$N:$N,MATCH(I11,재고분석!$C:$C,0)),"") -> 부족 | L11: =SUMIF(재고분석!C:C,대시보드!I11,재고분석!H:H) -> 15 | M11: =SUMIF(재고분석!C:C,대시보드!I11,재고분석!I:I) -> 24 | N11: =IF(K11="부족","긴급발주",IF(K11="재주문필요","주문진행",IF(K11="","",IF(K11="과잉","프로모션",IF(K11="적정","정상",""))))) -> 긴급발주 | O11: =_xlfn.XLOOKUP(I11,재고분석!C:C,재고분석!O:O) -> 우수 | P11: =_xlfn.XLOOKUP(I11,'ABC-XYZ분석 (2)'!C:C,'ABC-XYZ분석 (2)'!B:B) -> 신재품 | R11: 제외:
H12: 7 | I12: {=IFERROR(INDEX(재고분석!C:C,SMALL(IF((재고분석!N:N="부족")+(재고분석!N:N="재주문필요"),ROW(재고분석!N:N)),7)),"")} -> ABC20 | J12: =_xlfn.XLOOKUP(I12,PSI_메인!A:A,PSI_메인!B:B) -> 0 | K12: =IFERROR(INDEX(재고분석!$N:$N,MATCH(I12,재고분석!$C:$C,0)),"") -> 부족 | L12: =SUMIF(재고분석!C:C,대시보드!I12,재고분석!H:H) -> 3 | M12: =SUMIF(재고분석!C:C,대시보드!I12,재고분석!I:I) -> 48 | N12: =IF(K12="부족","긴급발주",IF(K12="재주문필요","주문진행",IF(K12="","",IF(K12="과잉","프로모션",IF(K12="적정","정상",""))))) -> 긴급발주 | O12: =_xlfn.XLOOKUP(I12,재고분석!C:C,재고분석!O:O) -> 우수 | P12: =_xlfn.XLOOKUP(I12,'ABC-XYZ분석 (2)'!C:C,'ABC-XYZ분석 (2)'!B:B) -> 신재품 | R12: 적정 오른쪽 캡쳐(표) 참조 -> 정상이므로 제외
B13: ABC-XYZ 재고 분포 (품목 수) | H13: 8 | I13: {=IFERROR(INDEX(재고분석!C:C,SMALL(IF((재고분석!N:N="부족")+(재고분석!N:N="재주문필요"),ROW(재고분석!N:N)),8)),"")} -> ABC21 | J13: =_xlfn.XLOOKUP(I13,PSI_메인!A:A,PSI_메인!B:B) -> 0 | K13: =IFERROR(INDEX(재고분석!$N:$N,MATCH(I13,재고분석!$C:$C,0)),"") -> 부족 | L13: =SUMIF(재고분석!C:C,대시보드!I13,재고분석!H:H) -> 6 | M13: =SUMIF(재고분석!C:C,대시보드!I13,재고분석!I:I) -> 47 | N13: =IF(K13="부족","긴급발주",IF(K13="재주문필요","주문진행",IF(K13="","",IF(K13="과잉","프로모션",IF(K13="적정","정상",""))))) -> 긴급발주 | O13: =_xlfn.XLOOKUP(I13,재고분석!C:C,재고분석!O:O) -> 우수 | P13: =_xlfn.XLOOKUP(I13,'ABC-XYZ분석 (2)'!C:C,'ABC-XYZ분석 (2)'!B:B) -> 신재품
B14: ABC-XYZ | C14: X (안정) | D14: Y (중간) | E14: Z (불안정) | F14: 합계 | H14: 9 | I14: {=IFERROR(INDEX(재고분석!C:C,SMALL(IF((재고분석!N:N="부족")+(재고분석!N:N="재주문필요"),ROW(재고분석!N:N)),9)),"")} -> ABC22 | J14: =_xlfn.XLOOKUP(I14,PSI_메인!A:A,PSI_메인!B:B) -> 0 | K14: =IFERROR(INDEX(재고분석!$N:$N,MATCH(I14,재고분석!$C:$C,0)),"") -> 부족 | L14: =SUMIF(재고분석!C:C,대시보드!I14,재고분석!H:H) -> 12 | M14: =SUMIF(재고분석!C:C,대시보드!I14,재고분석!I:I) -> 350 | N14: =IF(K14="부족","긴급발주",IF(K14="재주문필요","주문진행",IF(K14="","",IF(K14="과잉","프로모션",IF(K14="적정","정상",""))))) -> 긴급발주 | O14: =_xlfn.XLOOKUP(I14,재고분석!C:C,재고분석!O:O) -> 우수 | P14: =_xlfn.XLOOKUP(I14,'ABC-XYZ분석 (2)'!C:C,'ABC-XYZ분석 (2)'!B:B) -> 신재품 | R14: 2. 정렬 기준
B15: A (고가치) | C15: =COUNTIFS(재고분석!F:F,"A",재고분석!G:G,"X") -> 10 | D15: =COUNTIFS(재고분석!F:F,"A",재고분석!G:G,"Y") -> 16 | E15: =COUNTIFS(재고분석!F:F,"A",재고분석!G:G,"Z") -> 14 | F15: =SUM(C15:E15) -> 40 | H15: 10 | I15: {=IFERROR(INDEX(재고분석!C:C,SMALL(IF((재고분석!N:N="부족")+(재고분석!N:N="재주문필요"),ROW(재고분석!N:N)),10)),"")} -> ABC23 | J15: =_xlfn.XLOOKUP(I15,PSI_메인!A:A,PSI_메인!B:B) -> 0 | K15: =IFERROR(INDEX(재고분석!$N:$N,MATCH(I15,재고분석!$C:$C,0)),"") -> 부족 | L15: =SUMIF(재고분석!C:C,대시보드!I15,재고분석!H:H) -> 17 | M15: =SUMIF(재고분석!C:C,대시보드!I15,재고분석!I:I) -> 26 | N15: =IF(K15="부족","긴급발주",IF(K15="재주문필요","주문진행",IF(K15="","",IF(K15="과잉","프로모션",IF(K15="적정","정상",""))))) -> 긴급발주 | O15: =_xlfn.XLOOKUP(I15,재고분석!C:C,재고분석!O:O) -> 우수 | P15: =_xlfn.XLOOKUP(I15,'ABC-XYZ분석 (2)'!C:C,'ABC-XYZ분석 (2)'!B:B) -> 신재품 | R15: 심각도 순서:
B16: B (중가치) | C16: =COUNTIFS(재고분석!F:F,"B",재고분석!G:G,"X") -> 6 | D16: =COUNTIFS(재고분석!F:F,"B",재고분석!G:G,"Y") -> 16 | E16: =COUNTIFS(재고분석!F:F,"B",재고분석!G:G,"Z") -> 9 | F16: =SUM(C16:E16) -> 31 | H16: * 재고분석 시트에서 필터링하여 확인 | R16: 1순위: 부족 품목
B17: C (저가치) | C17: =COUNTIFS(재고분석!F:F,"C",재고분석!G:G,"X") -> 3 | D17: =COUNTIFS(재고분석!F:F,"C",재고분석!G:G,"Y") -> 12 | E17: =COUNTIFS(재고분석!F:F,"C",재고분석!G:G,"Z") -> 13 | F17: =SUM(C17:E17) -> 28 | R17: - 정렬: (안전재고 - 현재고) 차이 큰 순서
B18: 합계 | C18: =SUM(C15:C17) -> 19 | D18: =SUM(D15:D17) -> 44 | E18: =SUM(E15:E17) -> 36 | F18: =SUM(F15:F17) -> 99 | H18: 재고회전일 분석 | R18: - 또는: 현재고 ÷ 안전재고 비율이 낮은 순서
H19: 회전 느림 TOP 5 (개선 필요)
B20: 재고 상태별 현황 | I20: SKU | J20: 제품명 | K20: 최근3개월 월 평균출고량 | L20: 회전일 | R20: 2순위: 재주문필요 품목
B21: 재고상태 | C21: 품목수 | D21: 비율(%) | E21: 조치사항 | H21: 1 | I21: =IFERROR(INDEX(재고분석!$C:$C,MATCH(LARGE(재고분석!$M:$M,1),재고분석!$M:$M,0)),"") -> ABC2 | J21: =IFERROR(INDEX(재고분석!$D:$D,MATCH(I21,재고분석!$C:$C,0)),"") -> 0 | K21: =IFERROR(INDEX(재고분석!$J:$J,MATCH(I21,재고분석!$C:$C,0)),0) -> 6.3333333 | L21: =IFERROR(INDEX(재고분석!$M:$M,MATCH(I21,재고분석!$C:$C,0)),0) -> 8834.2105 | R21: - 정렬: 안전재고에 가까운 순서
B22: 적정 | C22: =COUNTIF(재고분석!N:N,B22) -> 3 | D22: =C22/$C$27*100 -> 3.030303 | E22: 현상유지 | H22: 2 | I22: =IFERROR(INDEX(재고분석!$C:$C,MATCH(LARGE(재고분석!$M:$M,2),재고분석!$M:$M,0)),"") -> ABC42 | J22: =IFERROR(INDEX(재고분석!$D:$D,MATCH(I22,재고분석!$C:$C,0)),"") -> 0 | K22: =IFERROR(INDEX(재고분석!$J:$J,MATCH(I22,재고분석!$C:$C,0)),0) -> 6.6666667 | L22: =IFERROR(INDEX(재고분석!$M:$M,MATCH(I22,재고분석!$C:$C,0)),0) -> 7393.5
B23: 재주문 | C23: =COUNTIF(재고분석!N:N,B23) -> 8 | D23: =C23/$C$27*100 -> 8.0808081 | E23: 발주진행 | H23: 3 | I23: =IFERROR(INDEX(재고분석!$C:$C,MATCH(LARGE(재고분석!$M:$M,3),재고분석!$M:$M,0)),"") -> ABC1 | J23: =IFERROR(INDEX(재고분석!$D:$D,MATCH(I23,재고분석!$C:$C,0)),"") -> 0 | K23: =IFERROR(INDEX(재고분석!$J:$J,MATCH(I23,재고분석!$C:$C,0)),0) -> 6 | L23: =IFERROR(INDEX(재고분석!$M:$M,MATCH(I23,재고분석!$C:$C,0)),0) -> 6165 | R23: 3순위: 과잉 품목
B24: 부족 | C24: =COUNTIF(재고분석!N:N,B24) -> 27 | D24: =C24/$C$27*100 -> 27.272727 | E24: 긴급발주 | H24: 4 | I24: =IFERROR(INDEX(재고분석!$C:$C,MATCH(LARGE(재고분석!$M:$M,4),재고분석!$M:$M,0)),"") -> ABC52 | J24: =IFERROR(INDEX(재고분석!$D:$D,MATCH(I24,재고분석!$C:$C,0)),"") -> 0 | K24: =IFERROR(INDEX(재고분석!$J:$J,MATCH(I24,재고분석!$C:$C,0)),0) -> 6 | L24: =IFERROR(INDEX(재고분석!$M:$M,MATCH(I24,재고분석!$C:$C,0)),0) -> 995 | R24: - 정렬: (현재고 - 안전재고×2) 차이 큰 순서
B25: 과잉 | C25: =COUNTIF(재고분석!N:N,B25) -> 23 | D25: =C25/$C$27*100 -> 23.232323 | E25: 프로모션검토 | H25: 5 | I25: =IFERROR(INDEX(재고분석!$C:$C,MATCH(LARGE(재고분석!$M:$M,5),재고분석!$M:$M,0)),"") -> ABC94 | J25: =IFERROR(INDEX(재고분석!$D:$D,MATCH(I25,재고분석!$C:$C,0)),"") -> 0 | K25: =IFERROR(INDEX(재고분석!$J:$J,MATCH(I25,재고분석!$C:$C,0)),0) -> 86.666667 | L25: =IFERROR(INDEX(재고분석!$M:$M,MATCH(I25,재고분석!$C:$C,0)),0) -> 916.96154
B26: 재고없음 | C26: =COUNTIF(재고분석!N:N,B26) -> 38 | D26: =C26/$C$27*100 -> 38.383838 | E26: 확인필요
B27: 합계 | C27: =SUM(C22:C26) -> 99 | D27: =SUM(D22:D26) -> 100 | E27: -
B29: -참조- | H29: 회전 빠름 TOP 5
B30: 1. 이 대시보드는 '재고분석' 시트 데이터를 기반으로 자동 계산 | I30: SKU | J30: 제품명 | K30: 최근3개월 월 평균출고량 | L30: 회전일
B31: 2. 재고부족/재주문필요 품목이 있으면 즉시 '발주전략' 시트를 확인 | H31: 1 | I31: {=IFERROR(INDEX(재고분석!$C:$C,MATCH(_xlfn.AGGREGATE(15,6,재고분석!$M:$M/(재고분석!$M:$M>0),1),재고분석!$M:$M,0)),"")} -> ABC79 | J31: =IFERROR(INDEX(재고분석!$D:$D,MATCH(I31,재고분석!$C:$C,0)),"") -> 0 | K31: =IFERROR(INDEX(재고분석!$J:$J,MATCH(I31,재고분석!$C:$C,0)),0) -> 716.33333 | L31: =IFERROR(INDEX(재고분석!$M:$M,MATCH(I31,재고분석!$C:$C,0)),0) -> 0.083759888
B32: 3. AX 등급(고가치+안정수요)은 충분한 재고를 유지필요 | H32: 2 | I32: {=IFERROR(INDEX(재고분석!$C:$C,MATCH(_xlfn.AGGREGATE(15,6,재고분석!$M:$M/(재고분석!$M:$M>0),2),재고분석!$M:$M,0)),"")} -> ABC14 | J32: =IFERROR(INDEX(재고분석!$D:$D,MATCH(I32,재고분석!$C:$C,0)),"") -> 0 | K32: =IFERROR(INDEX(재고분석!$J:$J,MATCH(I32,재고분석!$C:$C,0)),0) -> 557.66667 | L32: =IFERROR(INDEX(재고분석!$M:$M,MATCH(I32,재고분석!$C:$C,0)),0) -> 0.10759115
B33: 4. CZ 등급(저가치+불안정수요)은 주문 기반으로 운영 | H33: 3 | I33: {=IFERROR(INDEX(재고분석!$C:$C,MATCH(_xlfn.AGGREGATE(15,6,재고분석!$M:$M/(재고분석!$M:$M>0),3),재고분석!$M:$M,0)),"")} -> ABC20 | J33: =IFERROR(INDEX(재고분석!$D:$D,MATCH(I33,재고분석!$C:$C,0)),"") -> 0 | K33: =IFERROR(INDEX(재고분석!$J:$J,MATCH(I33,재고분석!$C:$C,0)),0) -> 279.33333 | L33: =IFERROR(INDEX(재고분석!$M:$M,MATCH(I33,재고분석!$C:$C,0)),0) -> 0.3221957
B34: 5. 재고회전일이 60일 이상이면 과잉재고로 판단하여 판촉 검토 필요 | H34: 4 | I34: {=IFERROR(INDEX(재고분석!$C:$C,MATCH(_xlfn.AGGREGATE(15,6,재고분석!$M:$M/(재고분석!$M:$M>0),4),재고분석!$M:$M,0)),"")} -> ABC81 | J34: =IFERROR(INDEX(재고분석!$D:$D,MATCH(I34,재고분석!$C:$C,0)),"") -> 0 | K34: =IFERROR(INDEX(재고분석!$J:$J,MATCH(I34,재고분석!$C:$C,0)),0) -> 82.333333 | L34: =IFERROR(INDEX(재고분석!$M:$M,MATCH(I34,재고분석!$C:$C,0)),0) -> 0.36437247
H35: 5 | I35: {=IFERROR(INDEX(재고분석!$C:$C,MATCH(_xlfn.AGGREGATE(15,6,재고분석!$M:$M/(재고분석!$M:$M>0),5),재고분석!$M:$M,0)),"")} -> ABC13 | J35: =IFERROR(INDEX(재고분석!$D:$D,MATCH(I35,재고분석!$C:$C,0)),"") -> 0 | K35: =IFERROR(INDEX(재고분석!$J:$J,MATCH(I35,재고분석!$C:$C,0)),0) -> 78.333333 | L35: =IFERROR(INDEX(재고분석!$M:$M,MATCH(I35,재고분석!$C:$C,0)),0) -> 0.38297872
H36: * 재고분석 시트를 회전일 기준으로 정렬하여 확인

Sheet PSI_메인
H1: 202512 | I1: 202601 | Q1: 202602 | Y1: 202603 | AG1: 202604 | AO1: 202605 | AW1: 202606 | BE1: 202607 | BM1: 202608 | BU1: 202609 | CC1: 202610 | CK1: 202611 | CS1: 202612
H2: 재고 | I2: 수요 | M2: 공급 | O2: 재고 | Q2: 수요 | U2: 공급 | W2: 재고 | Y2: 수요 | AC2: 공급 | AE2: 재고 | AG2: 수요 | AK2: 공급 | AM2: 재고 | AO2: 수요 | AS2: 공급 | AU2: 재고 | AW2: 수요 | BA2: 공급 | BC2: 재고 | BE2: 수요 | BI2: 공급 | BK2: 재고 | BM2: 수요 | BQ2: 공급 | BS2: 재고 | BU2: 수요 | BY2: 공급 | CA2: 재고 | CC2: 수요 | CG2: 공급 | CI2: 재고 | CK2: \ | CO2: 공급 | CQ2: 재고 | CS2: 수요 | CW2: 공급 | CY2: 재고
A3: SKU코드 | B3: 제품명 | C3: 카테고리 | D3: 계절 | E3: ABC 등급 | F3: XYZ 등급 | G3: 기초재고 | H3: 말재고실적 | I3: SCM F/C | J3: MD F/C | K3: S&OP | L3: 실판매 | M3: 입고계획 | N3: 입고실적 | O3: 말재고계획 | P3: 말재고실적 | Q3: SCM F/C | R3: MD F/C | S3: S&OP | T3: 실판매 | U3: 입고계획 | V3: 입고실적 | W3: 말재고계획 | X3: 말재고실적 | Y3: SCM F/C | Z3: MD F/C | AA3: S&OP | AB3: 실판매 | AC3: 입고계획 | AD3: 입고실적 | AE3: 말재고계획 | AF3: 말재고실적 | AG3: SCM F/C | AH3: MD F/C | AI3: S&OP | AJ3: 실판매 | AK3: 입고계획 | AL3: 입고실적 | AM3: 말재고계획 | AN3: 말재고실적 | AO3: SCM F/C | AP3: MD F/C | AQ3: S&OP | AR3: 실판매 | AS3: 입고계획 | AT3: 입고실적 | AU3: 말재고계획 | AV3: 말재고실적 | AW3: SCM F/C | AX3: MD F/C | AY3: S&OP | AZ3: 실판매 | BA3: 입고계획 | BB3: 입고실적 | BC3: 말재고계획 | BD3: 말재고실적 | BE3: SCM F/C | BF3: MD F/C | BG3: S&OP | BH3: 실판매 | BI3: 입고계획 | BJ3: 입고실적 | BK3: 말재고계획 | BL3: 말재고실적 | BM3: SCM F/C | BN3: MD F/C | BO3: S&OP | BP3: 실판매 | BQ3: 입고계획 | BR3: 입고실적 | BS3: 말재고계획 | BT3: 말재고실적 | BU3: SCM F/C | BV3: MD F/C | BW3: S&OP | BX3: 실판매 | BY3: 입고계획 | BZ3: 입고실적 | CA3: 말재고계획 | CB3: 말재고실적 | CC3: SCM F/C | CD3: MD F/C | CE3: S&OP | CF3: 실판매 | CG3: 입고계획 | CH3: 입고실적 | CI3: 말재고계획 | CJ3: 말재고실적 | CK3: SCM F/C | CL3: MD F/C | CM3: S&OP | CN3: 실판매 | CO3: 입고계획 | CP3: 입고실적 | CQ3: 말재고계획 | CR3: 말재고실적 | CS3: SCM F/C | CT3: MD F/C | CU3: S&OP | CV3: 실판매 | CW3: 입고계획 | CX3: 입고실적 | CY3: 말재고계획 | CZ3: 말재고실적
A4: ABC1 | D4: =_xlfn.XLOOKUP(A4,'ABC-XYZ분석 (2)'!C:C,'ABC-XYZ분석 (2)'!I:I) -> 여름 | E4: =_xlfn.XLOOKUP(A4,'ABC-XYZ분석 (2)'!C:C,'ABC-XYZ분석 (2)'!AC:AC) -> A | F4: =_xlfn.XLOOKUP(A4,'ABC-XYZ분석 (2)'!C:C,'ABC-XYZ분석 (2)'!AG:AG) -> Z | G4: =SUMIF(재고!C:C,PSI_메인!A4,재고!I:I) -> 1233 | H4: 1707 | I4: 0 | J4: 0 | K4: 0 | L4: 0 | M4: =SUMIFS(입항스케줄!J:J,입항스케줄!C:C,PSI_메인!A4,입항스케줄!U:U,"2601") -> 0 | N4: =SUMIFS(입항스케줄!J:J,입항스케줄!C:C,PSI_메인!A4,입항스케줄!V:V,"2601") -> 0 | O4: =H4+M4-K4 -> 1707 | P4: =H4+N4-L4 -> 1707 | Q4: 0 | R4: 0 | S4: 0 | T4: 0 | U4: =SUMIFS(입항스케줄!J:J,입항스케줄!C:C,PSI_메인!A4,입항스케줄!U:U,"2602") -> 0 | V4: =SUMIFS(입항스케줄!J:J,입항스케줄!C:C,PSI_메인!A4,입항스케줄!V:V,"2602") -> 0 | W4: =P4+U4-S4 -> 1707 | X4: =P4+V4-T4 -> 1707 | Y4: 0 | Z4: 0 | AA4: =ROUND((Y4+Z4)/2,0) -> 0 | AB4: 0 | AC4: =SUMIFS(입항스케줄!J:J,입항스케줄!C:C,PSI_메인!A4,입항스케줄!U:U,"2603") -> 0 | AD4: =SUMIFS(입항스케줄!J:J,입항스케줄!C:C,PSI_메인!A4,입항스케줄!V:V,"2603") -> 0 | AE4: =X4+AC4-AA4 -> 1707 | AF4: =X4+AD4-AB4 -> 1707 | AG4: 0 | AH4: 0 | AI4: =ROUND((AG4+AH4)/2,0) -> 0 | AJ4: 0 | AK4: =SUMIFS(입항스케줄!J:J,입항스케줄!C:C,PSI_메인!A4,입항스케줄!U:U,"2604") -> 0 | AL4: =SUMIFS(입항스케줄!J:J,입항스케줄!C:C,PSI_메인!A4,입항스케줄!V:V,"2604") -> 0 | AM4: =AF4+AK4-AI4 -> 1707 | AN4: =AF4+AL4-AJ4 -> 1707 | AO4: 0 | AP4: 0 | AQ4: =ROUND((AO4+AP4)/2,0) -> 0 | AR4: 0 | AU4: =AN4+AS4-AQ4 -> 1707 | AV4: =AN4+AT4-AR4 -> 1707 | AW4: 0 | AX4: 0 | AY4: =ROUND((AW4+AX4)/2,0) -> 0 | AZ4: 0 | BC4: =AV4+BA4-AY4 -> 1707 | BD4: =AV4+BB4-AZ4 -> 1707 | BE4: 0 | BF4: 0 | BG4: =ROUND((BE4+BF4)/2,0) -> 0 | BH4: 0 | BK4: =BD4+BI4-BG4 -> 1707 | BL4: =BD4+BJ4-BH4 -> 1707 | BM4: 0 | BN4: 0 | BO4: =ROUND((BM4+BN4)/2,0) -> 0 | BP4: 0 | BS4: =BL4+BQ4-BO4 -> 1707 | BT4: =BL4+BR4-BP4 -> 1707 | BU4: 0 | BV4: 0 | BW4: =ROUND((BU4+BV4)/2,0) -> 0 | BX4: 0 | CA4: =BT4+BY4-BW4 -> 1707 | CB4: =BT4+BZ4-BX4 -> 1707 | CC4: 0 | CD4: 0 | CE4: =ROUND((CC4+CD4)/2,0) -> 0 | CF4: 0 | CI4: =CB4+CG4-CE4 -> 1707 | CJ4: =CB4+CH4-CF4 -> 1707 | CK4: 0 | CL4: 0 | CM4: =ROUND((CK4+CL4)/2,0) -> 0 | CN4: 0 | CQ4: =CJ4+CO4-CM4 -> 1707 | CR4: =CJ4+CP4-CN4 -> 1707 | CS4: 0 | CT4: 0 | CU4: =ROUND((CS4+CT4)/2,0) -> 0 | CV4: 0 | CY4: =CR4+CW4-CU4 -> 1707 | CZ4: =CR4+CX4-CV4 -> 1707
A5: ABC2 | D5: =_xlfn.XLOOKUP(A5,'ABC-XYZ분석 (2)'!C:C,'ABC-XYZ분석 (2)'!I:I) -> 여름 | E5: =_xlfn.XLOOKUP(A5,'ABC-XYZ분석 (2)'!C:C,'ABC-XYZ분석 (2)'!AC:AC) -> A | F5: =_xlfn.XLOOKUP(A5,'ABC-XYZ분석 (2)'!C:C,'ABC-XYZ분석 (2)'!AG:AG) -> Z | G5: =SUMIF(재고!C:C,PSI_메인!A5,재고!I:I) -> 1865 | H5: 2987 | I5: 0 | J5: 0 | K5: 0 | L5: 0 | M5: =SUMIFS(입항스케줄!J:J,입항스케줄!C:C,PSI_메인!A5,입항스케줄!U:U,"2601") -> 0 | N5: =SUMIFS(입항스케줄!J:J,입항스케줄!C:C,PSI_메인!A5,입항스케줄!V:V,"2601") -> 0 | O5: =H5+M5-K5 -> 2987 | P5: =H5+N5-L5 -> 2987 | Q5: 0 | R5: 0 | S5: 0 | T5: 0 | U5: =SUMIFS(입항스케줄!J:J,입항스케줄!C:C,PSI_메인!A5,입항스케줄!U:U,"2602") -> 0 | V5: =SUMIFS(입항스케줄!J:J,입항스케줄!C:C,PSI_메인!A5,입항스케줄!V:V,"2602") -> 0 | W5: =P5+U5-S5 -> 2987 | X5: =P5+V5-T5 -> 2987 | Y5: 0 | Z5: 0 | AA5: =ROUND((Y5+Z5)/2,0) -> 0 | AB5: 0 | AC5: =SUMIFS(입항스케줄!J:J,입항스케줄!C:C,PSI_메인!A5,입항스케줄!U:U,"2603") -> 0 | AD5: =SUMIFS(입항스케줄!J:J,입항스케줄!C:C,PSI_메인!A5,입항스케줄!V:V,"2603") -> 0 | AE5: =X5+AC5-AA5 -> 2987 | AF5: =X5+AD5-AB5 -> 2987 | AG5: 0 | AH5: 0 | AI5: =ROUND((AG5+AH5)/2,0) -> 0 | AJ5: 0 | AK5: =SUMIFS(입항스케줄!J:J,입항스케줄!C:C,PSI_메인!A5,입항스케줄!U:U,"2604") -> 0 | AL5: =SUMIFS(입항스케줄!J:J,입항스케줄!C:C,PSI_메인!A5,입항스케줄!V:V,"2604") -> 0 | AM5: =AF5+AK5-AI5 -> 2987 | AN5: =AF5+AL5-AJ5 -> 2987 | AO5: 0 | AP5: 0 | AQ5: =ROUND((AO5+AP5)/2,0) -> 0 | AR5: 0 | AU5: =AN5+AS5-AQ5 -> 2987 | AV5: =AN5+AT5-AR5 -> 2987 | AW5: 0 | AX5: 0 | AY5: =ROUND((AW5+AX5)/2,0) -> 0 | AZ5: 0 | BC5: =AV5+BA5-AY5 -> 2987 | BD5: =AV5+BB5-AZ5 -> 2987 | BE5: 0 | BF5: 0 | BG5: =ROUND((BE5+BF5)/2,0) -> 0 | BH5: 0 | BK5: =BD5+BI5-BG5 -> 2987 | BL5: =BD5+BJ5-BH5 -> 2987 | BM5: 0 | BN5: 0 | BO5: =ROUND((BM5+BN5)/2,0) -> 0 | BP5: 0 | BS5: =BL5+BQ5-BO5 -> 2987 | BT5: =BL5+BR5-BP5 -> 2987 | BU5: 0 | BV5: 0 | BW5: =ROUND((BU5+BV5)/2,0) -> 0 | BX5: 0 | CA5: =BT5+BY5-BW5 -> 2987 | CB5: =BT5+BZ5-BX5 -> 2987 | CC5: 0 | CD5: 0 | CE5: =ROUND((CC5+CD5)/2,0) -> 0 | CF5: 0 | CI5: =CB5+CG5-CE5 -> 2987 | CJ5: =CB5+CH5-CF5 -> 2987 | CK5: 0 | CL5: 0 | CM5: =ROUND((CK5+CL5)/2,0) -> 0 | CN5: 0 | CQ5: =CJ5+CO5-CM5 -> 2987 | CR5: =CJ5+CP5-CN5 -> 2987 | CS5: 0 | CT5: 0 | CU5: =ROUND((CS5+CT5)/2,0) -> 0 | CV5: 0 | CY5: =CR5+CW5-CU5 -> 2987 | CZ5: =CR5+CX5-CV5 -> 2987
A6: ABC3 | D6: =_xlfn.XLOOKUP(A6,'ABC-XYZ분석 (2)'!C:C,'ABC-XYZ분석 (2)'!I:I) -> 여름 | E6: =_xlfn.XLOOKUP(A6,'ABC-XYZ분석 (2)'!C:C,'ABC-XYZ분석 (2)'!AC:AC) -> A | F6: =_xlfn.XLOOKUP(A6,'ABC-XYZ분석 (2)'!C:C,'ABC-XYZ분석 (2)'!AG:AG) -> Z | G6: =SUMIF(재고!C:C,PSI_메인!A6,재고!I:I) -> 0 | H6: 2425 | I6: 0 | J6: 0 | K6: 0 | L6: 0 | M6: =SUMIFS(입항스케줄!J:J,입항스케줄!C:C,PSI_메인!A6,입항스케줄!U:U,"2601") -> 0 | N6: =SUMIFS(입항스케줄!J:J,입항스케줄!C:C,PSI_메인!A6,입항스케줄!V:V,"2601") -> 0 | O6: =H6+M6-K6 -> 2425 | P6: =H6+N6-L6 -> 2425 | Q6: 0 | R6: 0 | S6: 0 | T6: 0 | U6: =SUMIFS(입항스케줄!J:J,입항스케줄!C:C,PSI_메인!A6,입항스케줄!U:U,"2602") -> 0 | V6: =SUMIFS(입항스케줄!J:J,입항스케줄!C:C,PSI_메인!A6,입항스케줄!V:V,"2602") -> 0 | W6: =P6+U6-S6 -> 2425 | X6: =P6+V6-T6 -> 2425 | Y6: 0 | Z6: 0 | AA6: =ROUND((Y6+Z6)/2,0) -> 0 | AB6: 0 | AC6: =SUMIFS(입항스케줄!J:J,입항스케줄!C:C,PSI_메인!A6,입항스케줄!U:U,"2603") -> 0 | AD6: =SUMIFS(입항스케줄!J:J,입항스케줄!C:C,PSI_메인!A6,입항스케줄!V:V,"2603") -> 0 | AE6: =X6+AC6-AA6 -> 2425 | AF6: =X6+AD6-AB6 -> 2425 | AG6: 0 | AH6: 0 | AI6: =ROUND((AG6+AH6)/2,0) -> 0 | AJ6: 0 | AK6: =SUMIFS(입항스케줄!J:J,입항스케줄!C:C,PSI_메인!A6,입항스케줄!U:U,"2604") -> 0 | AL6: =SUMIFS(입항스케줄!J:J,입항스케줄!C:C,PSI_메인!A6,입항스케줄!V:V,"2604") -> 0 | AM6: =AF6+AK6-AI6 -> 2425 | AN6: =AF6+AL6-AJ6 -> 2425 | AO6: 0 | AP6: 0 | AQ6: =ROUND((AO6+AP6)/2,0) -> 0 | AR6: 0 | AU6: =AN6+AS6-AQ6 -> 2425 | AV6: =AN6+AT6-AR6 -> 2425 | AW6: 0 | AX6: 0 | AY6: =ROUND((AW6+AX6)/2,0) -> 0 | AZ6: 0 | BC6: =AV6+BA6-AY6 -> 2425 | BD6: =AV6+BB6-AZ6 -> 2425 | BE6: 0 | BF6: 0 | BG6: =ROUND((BE6+BF6)/2,0) -> 0 | BH6: 0 | BK6: =BD6+BI6-BG6 -> 2425 | BL6: =BD6+BJ6-BH6 -> 2425 | BM6: 0 | BN6: 0 | BO6: =ROUND((BM6+BN6)/2,0) -> 0 | BP6: 0 | BS6: =BL6+BQ6-BO6 -> 2425 | BT6: =BL6+BR6-BP6 -> 2425 | BU6: 0 | BV6: 0 | BW6: =ROUND((BU6+BV6)/2,0) -> 0 | BX6: 0 | CA6: =BT6+BY6-BW6 -> 2425 | CB6: =BT6+BZ6-BX6 -> 2425 | CC6: 0 | CD6: 0 | CE6: =ROUND((CC6+CD6)/2,0) -> 0 | CF6: 0 | CI6: =CB6+CG6-CE6 -> 2425 | CJ6: =CB6+CH6-CF6 -> 2425 | CK6: 0 | CL6: 0 | CM6: =ROUND((CK6+CL6)/2,0) -> 0 | CN6: 0 | CQ6: =CJ6+CO6-CM6 -> 2425 | CR6: =CJ6+CP6-CN6 -> 2425 | CS6: 0 | CT6: 0 | CU6: =ROUND((CS6+CT6)/2,0) -> 0 | CV6: 0 | CY6: =CR6+CW6-CU6 -> 2425 | CZ6: =CR6+CX6-CV6 -> 2425
A7: ABC4 | D7: =_xlfn.XLOOKUP(A7,'ABC-XYZ분석 (2)'!C:C,'ABC-XYZ분석 (2)'!I:I) -> 여름 | E7: =_xlfn.XLOOKUP(A7,'ABC-XYZ분석 (2)'!C:C,'ABC-XYZ분석 (2)'!AC:AC) -> A | F7: =_xlfn.XLOOKUP(A7,'ABC-XYZ분석 (2)'!C:C,'ABC-XYZ분석 (2)'!AG:AG) -> Z | G7: =SUMIF(재고!C:C,PSI_메인!A7,재고!I:I) -> 0 | H7: 3187 | I7: 0 | J7: 0 | K7: 530 | L7: 0 | M7: =SUMIFS(입항스케줄!J:J,입항스케줄!C:C,PSI_메인!A7,입항스케줄!U:U,"2601") -> 0 | N7: =SUMIFS(입항스케줄!J:J,입항스케줄!C:C,PSI_메인!A7,입항스케줄!V:V,"2601") -> 0 | O7: =H7+M7-K7 -> 2657 | P7: =H7+N7-L7 -> 3187 | Q7: 0 | R7: 0 | S7: 600 | T7: 0 | U7: =SUMIFS(입항스케줄!J:J,입항스케줄!C:C,PSI_메인!A7,입항스케줄!U:U,"2602") -> 0 | V7: =SUMIFS(입항스케줄!J:J,입항스케줄!C:C,PSI_메인!A7,입항스케줄!V:V,"2602") -> 0 | W7: =P7+U7-S7 -> 2587 | X7: =P7+V7-T7 -> 3187 | Y7: 0 | Z7: 0 | AA7: =ROUND((Y7+Z7)/2,0) -> 0 | AB7: 0 | AC7: =SUMIFS(입항스케줄!J:J,입항스케줄!C:C,PSI_메인!A7,입항스케줄!U:U,"2603") -> 0 | AD7: =SUMIFS(입항스케줄!J:J,입항스케줄!C:C,PSI_메인!A7,입항스케줄!V:V,"2603") -> 0 | AE7: =X7+AC7-AA7 -> 3187 | AF7: =X7+AD7-AB7 -> 3187 | AG7: 0 | AH7: 0 | AI7: =ROUND((AG7+AH7)/2,0) -> 0 | AJ7: 0 | AK7: =SUMIFS(입항스케줄!J:J,입항스케줄!C:C,PSI_메인!A7,입항스케줄!U:U,"2604") -> 0 | AL7: =SUMIFS(입항스케줄!J:J,입항스케줄!C:C,PSI_메인!A7,입항스케줄!V:V,"2604") -> 0 | AM7: =AF7+AK7-AI7 -> 3187 | AN7: =AF7+AL7-AJ7 -> 3187 | AO7: 0 | AP7: 0 | AQ7: =ROUND((AO7+AP7)/2,0) -> 0 | AR7: 0 | AU7: =AN7+AS7-AQ7 -> 3187 | AV7: =AN7+AT7-AR7 -> 3187 | AW7: 0 | AX7: 0 | AY7: =ROUND((AW7+AX7)/2,0) -> 0 | AZ7: 0 | BC7: =AV7+BA7-AY7 -> 3187 | BD7: =AV7+BB7-AZ7 -> 3187 | BE7: 0 | BF7: 0 | BG7: =ROUND((BE7+BF7)/2,0) -> 0 | BH7: 0 | BK7: =BD7+BI7-BG7 -> 3187 | BL7: =BD7+BJ7-BH7 -> 3187 | BM7: 0 | BN7: 0 | BO7: =ROUND((BM7+BN7)/2,0) -> 0 | BP7: 0 | BS7: =BL7+BQ7-BO7 -> 3187 | BT7: =BL7+BR7-BP7 -> 3187 | BU7: 0 | BV7: 0 | BW7: =ROUND((BU7+BV7)/2,0) -> 0 | BX7: 0 | CA7: =BT7+BY7-BW7 -> 3187 | CB7: =BT7+BZ7-BX7 -> 3187 | CC7: 0 | CD7: 0 | CE7: =ROUND((CC7+CD7)/2,0) -> 0 | CF7: 0 | CI7: =CB7+CG7-CE7 -> 3187 | CJ7: =CB7+CH7-CF7 -> 3187 | CK7: 0 | CL7: 0 | CM7: =ROUND((CK7+CL7)/2,0) -> 0 | CN7: 0 | CQ7: =CJ7+CO7-CM7 -> 3187 | CR7: =CJ7+CP7-CN7 -> 3187 | CS7: 0 | CT7: 0 | CU7: =ROUND((CS7+CT7)/2,0) -> 0 | CV7: 0 | CY7: =CR7+CW7-CU7 -> 3187 | CZ7: =CR7+CX7-CV7 -> 3187
A8: ABC5 | D8: =_xlfn.XLOOKUP(A8,'ABC-XYZ분석 (2)'!C:C,'ABC-XYZ분석 (2)'!I:I) -> 여름 | E8: =_xlfn.XLOOKUP(A8,'ABC-XYZ분석 (2)'!C:C,'ABC-XYZ분석 (2)'!AC:AC) -> A | F8: =_xlfn.XLOOKUP(A8,'ABC-XYZ분석 (2)'!C:C,'ABC-XYZ분석 (2)'!AG:AG) -> Z | G8: =SUMIF(재고!C:C,PSI_메인!A8,재고!I:I) -> 0 | H8: 3022 | I8: 0 | J8: 0 | K8: 125 | L8: 0 | M8: =SUMIFS(입항스케줄!J:J,입항스케줄!C:C,PSI_메인!A8,입항스케줄!U:U,"2601") -> 0 | N8: =SUMIFS(입항스케줄!J:J,입항스케줄!C:C,PSI_메인!A8,입항스케줄!V:V,"2601") -> 0 | O8: =H8+M8-K8 -> 2897 | P8: =H8+N8-L8 -> 3022 | Q8: 0 | R8: 0 | S8: 100 | T8: 0 | U8: =SUMIFS(입항스케줄!J:J,입항스케줄!C:C,PSI_메인!A8,입항스케줄!U:U,"2602") -> 0 | V8: =SUMIFS(입항스케줄!J:J,입항스케줄!C:C,PSI_메인!A8,입항스케줄!V:V,"2602") -> 0 | W8: =P8+U8-S8 -> 2922 | X8: =P8+V8-T8 -> 3022 | Y8: 0 | Z8: 0 | AA8: =ROUND((Y8+Z8)/2,0) -> 0 | AB8: 0 | AC8: =SUMIFS(입항스케줄!J:J,입항스케줄!C:C,PSI_메인!A8,입항스케줄!U:U,"2603") -> 0 | AD8: =SUMIFS(입항스케줄!J:J,입항스케줄!C:C,PSI_메인!A8,입항스케줄!V:V,"2603") -> 0 | AE8: =X8+AC8-AA8 -> 3022 | AF8: =X8+AD8-AB8 -> 3022 | AG8: 0 | AH8: 0 | AI8: =ROUND((AG8+AH8)/2,0) -> 0 | AJ8: 0 | AK8: =SUMIFS(입항스케줄!J:J,입항스케줄!C:C,PSI_메인!A8,입항스케줄!U:U,"2604") -> 0 | AL8: =SUMIFS(입항스케줄!J:J,입항스케줄!C:C,PSI_메인!A8,입항스케줄!V:V,"2604") -> 0 | AM8: =AF8+AK8-AI8 -> 3022 | AN8: =AF8+AL8-AJ8 -> 3022 | AO8: 0 | AP8: 0 | AQ8: =ROUND((AO8+AP8)/2,0) -> 0 | AR8: 0 | AU8: =AN8+AS8-AQ8 -> 3022 | AV8: =AN8+AT8-AR8 -> 3022 | AW8: 0 | AX8: 0 | AY8: =ROUND((AW8+AX8)/2,0) -> 0 | AZ8: 0 | BC8: =AV8+BA8-AY8 -> 3022 | BD8: =AV8+BB8-AZ8 -> 3022 | BE8: 0 | BF8: 0 | BG8: =ROUND((BE8+BF8)/2,0) -> 0 | BH8: 0 | BK8: =BD8+BI8-BG8 -> 3022 | BL8: =BD8+BJ8-BH8 -> 3022 | BM8: 0 | BN8: 0 | BO8: =ROUND((BM8+BN8)/2,0) -> 0 | BP8: 0 | BS8: =BL8+BQ8-BO8 -> 3022 | BT8: =BL8+BR8-BP8 -> 3022 | BU8: 0 | BV8: 0 | BW8: =ROUND((BU8+BV8)/2,0) -> 0 | BX8: 0 | CA8: =BT8+BY8-BW8 -> 3022 | CB8: =BT8+BZ8-BX8 -> 3022 | CC8: 0 | CD8: 0 | CE8: =ROUND((CC8+CD8)/2,0) -> 0 | CF8: 0 | CI8: =CB8+CG8-CE8 -> 3022 | CJ8: =CB8+CH8-CF8 -> 3022 | CK8: 0 | CL8: 0 | CM8: =ROUND((CK8+CL8)/2,0) -> 0 | CN8: 0 | CQ8: =CJ8+CO8-CM8 -> 3022 | CR8: =CJ8+CP8-CN8 -> 3022 | CS8: 0 | CT8: 0 | CU8: =ROUND((CS8+CT8)/2,0) -> 0 | CV8: 0 | CY8: =CR8+CW8-CU8 -> 3022 | CZ8: =CR8+CX8-CV8 -> 3022
A9: ABC6 | D9: =_xlfn.XLOOKUP(A9,'ABC-XYZ분석 (2)'!C:C,'ABC-XYZ분석 (2)'!I:I) -> 여름 | E9: =_xlfn.XLOOKUP(A9,'ABC-XYZ분석 (2)'!C:C,'ABC-XYZ분석 (2)'!AC:AC) -> A | F9: =_xlfn.XLOOKUP(A9,'ABC-XYZ분석 (2)'!C:C,'ABC-XYZ분석 (2)'!AG:AG) -> Z | G9: =SUMIF(재고!C:C,PSI_메인!A9,재고!I:I) -> 0 | H9: 13414 | I9: 0 | J9: 0 | K9: 0 | L9: 0 | M9: =SUMIFS(입항스케줄!J:J,입항스케줄!C:C,PSI_메인!A9,입항스케줄!U:U,"2601") -> 0 | N9: =SUMIFS(입항스케줄!J:J,입항스케줄!C:C,PSI_메인!A9,입항스케줄!V:V,"2601") -> 0 | O9: =$G9+M9-K9 -> 0 | P9: =$G9+N9-L9 -> 0 | Q9: 0 | R9: 0 | S9: 0 | T9: 0 | U9: =SUMIFS(입항스케줄!J:J,입항스케줄!C:C,PSI_메인!A9,입항스케줄!U:U,"2602") -> 0 | V9: =SUMIFS(입항스케줄!J:J,입항스케줄!C:C,PSI_메인!A9,입항스케줄!V:V,"2602") -> 0 | W9: =$G9+U9-S9 -> 0 | X9: =$G9+V9-T9 -> 0 | Y9: 0 | Z9: 0 | AA9: =ROUND((Y9+Z9)/2,0) -> 0 | AB9: 0 | AC9: =SUMIFS(입항스케줄!J:J,입항스케줄!C:C,PSI_메인!A9,입항스케줄!U:U,"2603") -> 0 | AD9: =SUMIFS(입항스케줄!J:J,입항스케줄!C:C,PSI_메인!A9,입항스케줄!V:V,"2603") -> 0 | AE9: =$G9+AC9-AA9 -> 0 | AF9: =$G9+AD9-AB9 -> 0 | AG9: 0 | AH9: 0 | AI9: =ROUND((AG9+AH9)/2,0) -> 0 | AJ9: 0 | AK9: =SUMIFS(입항스케줄!J:J,입항스케줄!C:C,PSI_메인!A9,입항스케줄!U:U,"2604") -> 0 | AL9: =SUMIFS(입항스케줄!J:J,입항스케줄!C:C,PSI_메인!A9,입항스케줄!V:V,"2604") -> 0 | AM9: =$G9+AK9-AI9 -> 0 | AN9: =$G9+AL9-AJ9 -> 0 | AO9: 0 | AP9: 0 | AQ9: =ROUND((AO9+AP9)/2,0) -> 0 | AR9: 0 | AU9: =$G9+AS9-AQ9 -> 0 | AV9: =$G9+AT9-AR9 -> 0 | AW9: 0 | AX9: 0 | AY9: =ROUND((AW9+AX9)/2,0) -> 0 | AZ9: 0 | BC9: =$G9+BA9-AY9 -> 0 | BD9: =$G9+BB9-AZ9 -> 0 | BE9: 0 | BF9: 0 | BG9: =ROUND((BE9+BF9)/2,0) -> 0 | BH9: 0 | BK9: =$G9+BI9-BG9 -> 0 | BL9: =$G9+BJ9-BH9 -> 0 | BM9: 0 | BN9: 0 | BO9: =ROUND((BM9+BN9)/2,0) -> 0 | BP9: 0 | BS9: =$G9+BQ9-BO9 -> 0 | BT9: =$G9+BR9-BP9 -> 0 | BU9: 0 | BV9: 0 | BW9: =ROUND((BU9+BV9)/2,0) -> 0 | BX9: 0 | CA9: =$G9+BY9-BW9 -> 0 | CB9: =$G9+BZ9-BX9 -> 0 | CC9: 0 | CD9: 0 | CE9: =ROUND((CC9+CD9)/2,0) -> 0 | CF9: 0 | CI9: =$G9+CG9-CE9 -> 0 | CJ9: =$G9+CH9-CF9 -> 0 | CK9: 0 | CL9: 0 | CM9: =ROUND((CK9+CL9)/2,0) -> 0 | CN9: 0 | CQ9: =$G9+CO9-CM9 -> 0 | CR9: =$G9+CP9-CN9 -> 0 | CS9: 0 | CT9: 0 | CU9: =ROUND((CS9+CT9)/2,0) -> 0 | CV9: 0 | CY9: =$G9+CW9-CU9 -> 0 | CZ9: =$G9+CX9-CV9 -> 0
A10: ABC7 | D10: =_xlfn.XLOOKUP(A10,'ABC-XYZ분석 (2)'!C:C,'ABC-XYZ분석 (2)'!I:I) -> 여름 | E10: =_xlfn.XLOOKUP(A10,'ABC-XYZ분석 (2)'!C:C,'ABC-XYZ분석 (2)'!AC:AC) -> A | F10: =_xlfn.XLOOKUP(A10,'ABC-XYZ분석 (2)'!C:C,'ABC-XYZ분석 (2)'!AG:AG) -> Z | G10: =SUMIF(재고!C:C,PSI_메인!A10,재고!I:I) -> 0 | H10: 7601 | I10: 0 | J10: 0 | K10: 0 | L10: 0 | M10: =SUMIFS(입항스케줄!J:J,입항스케줄!C:C,PSI_메인!A10,입항스케줄!U:U,"2601") -> 0 | N10: =SUMIFS(입항스케줄!J:J,입항스케줄!C:C,PSI_메인!A10,입항스케줄!V:V,"2601") -> 0 | O10: =$G10+M10-K10 -> 0 | P10: =$G10+N10-L10 -> 0 | Q10: 0 | R10: 0 | S10: 0 | T10: 0 | U10: =SUMIFS(입항스케줄!J:J,입항스케줄!C:C,PSI_메인!A10,입항스케줄!U:U,"2602") -> 0 | V10: =SUMIFS(입항스케줄!J:J,입항스케줄!C:C,PSI_메인!A10,입항스케줄!V:V,"2602") -> 0 | W10: =$G10+U10-S10 -> 0 | X10: =$G10+V10-T10 -> 0 | Y10: 0 | Z10: 0 | AA10: =ROUND((Y10+Z10)/2,0) -> 0 | AB10: 0 | AC10: =SUMIFS(입항스케줄!J:J,입항스케줄!C:C,PSI_메인!A10,입항스케줄!U:U,"2603") -> 0 | AD10: =SUMIFS(입항스케줄!J:J,입항스케줄!C:C,PSI_메인!A10,입항스케줄!V:V,"2603") -> 0 | AE10: =$G10+AC10-AA10 -> 0 | AF10: =$G10+AD10-AB10 -> 0 | AG10: 0 | AH10: 0 | AI10: =ROUND((AG10+AH10)/2,0) -> 0 | AJ10: 0 | AK10: =SUMIFS(입항스케줄!J:J,입항스케줄!C:C,PSI_메인!A10,입항스케줄!U:U,"2604") -> 0 | AL10: =SUMIFS(입항스케줄!J:J,입항스케줄!C:C,PSI_메인!A10,입항스케줄!V:V,"2604") -> 0 | AM10: =$G10+AK10-AI10 -> 0 | AN10: =$G10+AL10-AJ10 -> 0 | AO10: 0 | AP10: 0 | AQ10: =ROUND((AO10+AP10)/2,0) -> 0 | AR10: 0 | AU10: =$G10+AS10-AQ10 -> 0 | AV10: =$G10+AT10-AR10 -> 0 | AW10: 0 | AX10: 0 | AY10: =ROUND((AW10+AX10)/2,0) -> 0 | AZ10: 0 | BC10: =$G10+BA10-AY10 -> 0 | BD10: =$G10+BB10-AZ10 -> 0 | BE10: 0 | BF10: 0 | BG10: =ROUND((BE10+BF10)/2,0) -> 0 | BH10: 0 | BK10: =$G10+BI10-BG10 -> 0 | BL10: =$G10+BJ10-BH10 -> 0 | BM10: 0 | BN10: 0 | BO10: =ROUND((BM10+BN10)/2,0) -> 0 | BP10: 0 | BS10: =$G10+BQ10-BO10 -> 0 | BT10: =$G10+BR10-BP10 -> 0 | BU10: 0 | BV10: 0 | BW10: =ROUND((BU10+BV10)/2,0) -> 0 | BX10: 0 | CA10: =$G10+BY10-BW10 -> 0 | CB10: =$G10+BZ10-BX10 -> 0 | CC10: 0 | CD10: 0 | CE10: =ROUND((CC10+CD10)/2,0) -> 0 | CF10: 0 | CI10: =$G10+CG10-CE10 -> 0 | CJ10: =$G10+CH10-CF10 -> 0 | CK10: 0 | CL10: 0 | CM10: =ROUND((CK10+CL10)/2,0) -> 0 | CN10: 0 | CQ10: =$G10+CO10-CM10 -> 0 | CR10: =$G10+CP10-CN10 -> 0 | CS10: 0 | CT10: 0 | CU10: =ROUND((CS10+CT10)/2,0) -> 0 | CV10: 0 | CY10: =$G10+CW10-CU10 -> 0 | CZ10: =$G10+CX10-CV10 -> 0
A11: ABC8 | D11: =_xlfn.XLOOKUP(A11,'ABC-XYZ분석 (2)'!C:C,'ABC-XYZ분석 (2)'!I:I) -> 사계절 | E11: =_xlfn.XLOOKUP(A11,'ABC-XYZ분석 (2)'!C:C,'ABC-XYZ분석 (2)'!AC:AC) -> A | F11: =_xlfn.XLOOKUP(A11,'ABC-XYZ분석 (2)'!C:C,'ABC-XYZ분석 (2)'!AG:AG) -> X | G11: =SUMIF(재고!C:C,PSI_메인!A11,재고!I:I) -> 0 | H11: 3274 | I11: 0 | J11: 0 | K11: 0 | L11: 0 | M11: =SUMIFS(입항스케줄!J:J,입항스케줄!C:C,PSI_메인!A11,입항스케줄!U:U,"2601") -> 0 | N11: =SUMIFS(입항스케줄!J:J,입항스케줄!C:C,PSI_메인!A11,입항스케줄!V:V,"2601") -> 0 | O11: =$G11+M11-K11 -> 0 | P11: =$G11+N11-L11 -> 0 | Q11: 0 | R11: 0 | S11: 0 | T11: 0 | U11: =SUMIFS(입항스케줄!J:J,입항스케줄!C:C,PSI_메인!A11,입항스케줄!U:U,"2602") -> 0 | V11: =SUMIFS(입항스케줄!J:J,입항스케줄!C:C,PSI_메인!A11,입항스케줄!V:V,"2602") -> 0 | W11: =$G11+U11-S11 -> 0 | X11: =$G11+V11-T11 -> 0 | Y11: 0 | Z11: 0 | AA11: =ROUND((Y11+Z11)/2,0) -> 0 | AB11: 0 | AC11: =SUMIFS(입항스케줄!J:J,입항스케줄!C:C,PSI_메인!A11,입항스케줄!U:U,"2603") -> 0 | AD11: =SUMIFS(입항스케줄!J:J,입항스케줄!C:C,PSI_메인!A11,입항스케줄!V:V,"2603") -> 0 | AE11: =$G11+AC11-AA11 -> 0 | AF11: =$G11+AD11-AB11 -> 0 | AG11: 0 | AH11: 0 | AI11: =ROUND((AG11+AH11)/2,0) -> 0 | AJ11: 0 | AK11: =SUMIFS(입항스케줄!J:J,입항스케줄!C:C,PSI_메인!A11,입항스케줄!U:U,"2604") -> 0 | AL11: =SUMIFS(입항스케줄!J:J,입항스케줄!C:C,PSI_메인!A11,입항스케줄!V:V,"2604") -> 0 | AM11: =$G11+AK11-AI11 -> 0 | AN11: =$G11+AL11-AJ11 -> 0 | AO11: 0 | AP11: 0 | AQ11: =ROUND((AO11+AP11)/2,0) -> 0 | AR11: 0 | AU11: =$G11+AS11-AQ11 -> 0 | AV11: =$G11+AT11-AR11 -> 0 | AW11: 0 | AX11: 0 | AY11: =ROUND((AW11+AX11)/2,0) -> 0 | AZ11: 0 | BC11: =$G11+BA11-AY11 -> 0 | BD11: =$G11+BB11-AZ11 -> 0 | BE11: 0 | BF11: 0 | BG11: =ROUND((BE11+BF11)/2,0) -> 0 | BH11: 0 | BK11: =$G11+BI11-BG11 -> 0 | BL11: =$G11+BJ11-BH11 -> 0 | BM11: 0 | BN11: 0 | BO11: =ROUND((BM11+BN11)/2,0) -> 0 | BP11: 0 | BS11: =$G11+BQ11-BO11 -> 0 | BT11: =$G11+BR11-BP11 -> 0 | BU11: 0 | BV11: 0 | BW11: =ROUND((BU11+BV11)/2,0) -> 0 | BX11: 0 | CA11: =$G11+BY11-BW11 -> 0 | CB11: =$G11+BZ11-BX11 -> 0 | CC11: 0 | CD11: 0 | CE11: =ROUND((CC11+CD11)/2,0) -> 0 | CF11: 0 | CI11: =$G11+CG11-CE11 -> 0 | CJ11: =$G11+CH11-CF11 -> 0 | CK11: 0 | CL11: 0 | CM11: =ROUND((CK11+CL11)/2,0) -> 0 | CN11: 0 | CQ11: =$G11+CO11-CM11 -> 0 | CR11: =$G11+CP11-CN11 -> 0 | CS11: 0 | CT11: 0 | CU11: =ROUND((CS11+CT11)/2,0) -> 0 | CV11: 0 | CY11: =$G11+CW11-CU11 -> 0 | CZ11: =$G11+CX11-CV11 -> 0
A12: ABC9 | D12: =_xlfn.XLOOKUP(A12,'ABC-XYZ분석 (2)'!C:C,'ABC-XYZ분석 (2)'!I:I) -> 여름 | E12: =_xlfn.XLOOKUP(A12,'ABC-XYZ분석 (2)'!C:C,'ABC-XYZ분석 (2)'!AC:AC) -> A | F12: =_xlfn.XLOOKUP(A12,'ABC-XYZ분석 (2)'!C:C,'ABC-XYZ분석 (2)'!AG:AG) -> Z | G12: =SUMIF(재고!C:C,PSI_메인!A12,재고!I:I) -> 0 | H12: 6767 | I12: 0 | J12: 0 | K12: 0 | L12: 0 | M12: =SUMIFS(입항스케줄!J:J,입항스케줄!C:C,PSI_메인!A12,입항스케줄!U:U,"2601") -> 0 | N12: =SUMIFS(입항스케줄!J:J,입항스케줄!C:C,PSI_메인!A12,입항스케줄!V:V,"2601") -> 0 | O12: =$G12+M12-K12 -> 0 | P12: =$G12+N12-L12 -> 0 | Q12: 0 | R12: 0 | S12: 0 | T12: 0 | U12: =SUMIFS(입항스케줄!J:J,입항스케줄!C:C,PSI_메인!A12,입항스케줄!U:U,"2602") -> 0 | V12: =SUMIFS(입항스케줄!J:J,입항스케줄!C:C,PSI_메인!A12,입항스케줄!V:V,"2602") -> 0 | W12: =$G12+U12-S12 -> 0 | X12: =$G12+V12-T12 -> 0 | Y12: 0 | Z12: 0 | AA12: =ROUND((Y12+Z12)/2,0) -> 0 | AB12: 0 | AC12: =SUMIFS(입항스케줄!J:J,입항스케줄!C:C,PSI_메인!A12,입항스케줄!U:U,"2603") -> 0 | AD12: =SUMIFS(입항스케줄!J:J,입항스케줄!C:C,PSI_메인!A12,입항스케줄!V:V,"2603") -> 0 | AE12: =$G12+AC12-AA12 -> 0 | AF12: =$G12+AD12-AB12 -> 0 | AG12: 0 | AH12: 0 | AI12: =ROUND((AG12+AH12)/2,0) -> 0 | AJ12: 0 | AK12: =SUMIFS(입항스케줄!J:J,입항스케줄!C:C,PSI_메인!A12,입항스케줄!U:U,"2604") -> 0 | AL12: =SUMIFS(입항스케줄!J:J,입항스케줄!C:C,PSI_메인!A12,입항스케줄!V:V,"2604") -> 0 | AM12: =$G12+AK12-AI12 -> 0 | AN12: =$G12+AL12-AJ12 -> 0 | AO12: 0 | AP12: 0 | AQ12: =ROUND((AO12+AP12)/2,0) -> 0 | AR12: 0 | AU12: =$G12+AS12-AQ12 -> 0 | AV12: =$G12+AT12-AR12 -> 0 | AW12: 0 | AX12: 0 | AY12: =ROUND((AW12+AX12)/2,0) -> 0 | AZ12: 0 | BC12: =$G12+BA12-AY12 -> 0 | BD12: =$G12+BB12-AZ12 -> 0 | BE12: 0 | BF12: 0 | BG12: =ROUND((BE12+BF12)/2,0) -> 0 | BH12: 0 | BK12: =$G12+BI12-BG12 -> 0 | BL12: =$G12+BJ12-BH12 -> 0 | BM12: 0 | BN12: 0 | BO12: =ROUND((BM12+BN12)/2,0) -> 0 | BP12: 0 | BS12: =$G12+BQ12-BO12 -> 0 | BT12: =$G12+BR12-BP12 -> 0 | BU12: 0 | BV12: 0 | BW12: =ROUND((BU12+BV12)/2,0) -> 0 | BX12: 0 | CA12: =$G12+BY12-BW12 -> 0 | CB12: =$G12+BZ12-BX12 -> 0 | CC12: 0 | CD12: 0 | CE12: =ROUND((CC12+CD12)/2,0) -> 0 | CF12: 0 | CI12: =$G12+CG12-CE12 -> 0 | CJ12: =$G12+CH12-CF12 -> 0 | CK12: 0 | CL12: 0 | CM12: =ROUND((CK12+CL12)/2,0) -> 0 | CN12: 0 | CQ12: =$G12+CO12-CM12 -> 0 | CR12: =$G12+CP12-CN12 -> 0 | CS12: 0 | CT12: 0 | CU12: =ROUND((CS12+CT12)/2,0) -> 0 | CV12: 0 | CY12: =$G12+CW12-CU12 -> 0 | CZ12: =$G12+CX12-CV12 -> 0
A13: ABC10 | D13: =_xlfn.XLOOKUP(A13,'ABC-XYZ분석 (2)'!C:C,'ABC-XYZ분석 (2)'!I:I) -> 사계절 | E13: =_xlfn.XLOOKUP(A13,'ABC-XYZ분석 (2)'!C:C,'ABC-XYZ분석 (2)'!AC:AC) -> A | F13: =_xlfn.XLOOKUP(A13,'ABC-XYZ분석 (2)'!C:C,'ABC-XYZ분석 (2)'!AG:AG) -> X | G13: =SUMIF(재고!C:C,PSI_메인!A13,재고!I:I) -> 0 | H13: 10244 | I13: 0 | J13: 0 | K13: 0 | L13: 0 | M13: =SUMIFS(입항스케줄!J:J,입항스케줄!C:C,PSI_메인!A13,입항스케줄!U:U,"2601") -> 0 | N13: =SUMIFS(입항스케줄!J:J,입항스케줄!C:C,PSI_메인!A13,입항스케줄!V:V,"2601") -> 0 | O13: =$G13+M13-K13 -> 0 | P13: =$G13+N13-L13 -> 0 | Q13: 0 | R13: 0 | S13: 0 | T13: 0 | U13: =SUMIFS(입항스케줄!J:J,입항스케줄!C:C,PSI_메인!A13,입항스케줄!U:U,"2602") -> 0 | V13: =SUMIFS(입항스케줄!J:J,입항스케줄!C:C,PSI_메인!A13,입항스케줄!V:V,"2602") -> 0 | W13: =$G13+U13-S13 -> 0 | X13: =$G13+V13-T13 -> 0 | Y13: 0 | Z13: 0 | AA13: =ROUND((Y13+Z13)/2,0) -> 0 | AB13: 0 | AC13: =SUMIFS(입항스케줄!J:J,입항스케줄!C:C,PSI_메인!A13,입항스케줄!U:U,"2603") -> 0 | AD13: =SUMIFS(입항스케줄!J:J,입항스케줄!C:C,PSI_메인!A13,입항스케줄!V:V,"2603") -> 0 | AE13: =$G13+AC13-AA13 -> 0 | AF13: =$G13+AD13-AB13 -> 0 | AG13: 0 | AH13: 0 | AI13: =ROUND((AG13+AH13)/2,0) -> 0 | AJ13: 0 | AK13: =SUMIFS(입항스케줄!J:J,입항스케줄!C:C,PSI_메인!A13,입항스케줄!U:U,"2604") -> 0 | AL13: =SUMIFS(입항스케줄!J:J,입항스케줄!C:C,PSI_메인!A13,입항스케줄!V:V,"2604") -> 0 | AM13: =$G13+AK13-AI13 -> 0 | AN13: =$G13+AL13-AJ13 -> 0 | AO13: 0 | AP13: 0 | AQ13: =ROUND((AO13+AP13)/2,0) -> 0 | AR13: 0 | AU13: =$G13+AS13-AQ13 -> 0 | AV13: =$G13+AT13-AR13 -> 0 | AW13: 0 | AX13: 0 | AY13: =ROUND((AW13+AX13)/2,0) -> 0 | AZ13: 0 | BC13: =$G13+BA13-AY13 -> 0 | BD13: =$G13+BB13-AZ13 -> 0 | BE13: 0 | BF13: 0 | BG13: =ROUND((BE13+BF13)/2,0) -> 0 | BH13: 0 | BK13: =$G13+BI13-BG13 -> 0 | BL13: =$G13+BJ13-BH13 -> 0 | BM13: 0 | BN13: 0 | BO13: =ROUND((BM13+BN13)/2,0) -> 0 | BP13: 0 | BS13: =$G13+BQ13-BO13 -> 0 | BT13: =$G13+BR13-BP13 -> 0 | BU13: 0 | BV13: 0 | BW13: =ROUND((BU13+BV13)/2,0) -> 0 | BX13: 0 | CA13: =$G13+BY13-BW13 -> 0 | CB13: =$G13+BZ13-BX13 -> 0 | CC13: 0 | CD13: 0 | CE13: =ROUND((CC13+CD13)/2,0) -> 0 | CF13: 0 | CI13: =$G13+CG13-CE13 -> 0 | CJ13: =$G13+CH13-CF13 -> 0 | CK13: 0 | CL13: 0 | CM13: =ROUND((CK13+CL13)/2,0) -> 0 | CN13: 0 | CQ13: =$G13+CO13-CM13 -> 0 | CR13: =$G13+CP13-CN13 -> 0 | CS13: 0 | CT13: 0 | CU13: =ROUND((CS13+CT13)/2,0) -> 0 | CV13: 0 | CY13: =$G13+CW13-CU13 -> 0 | CZ13: =$G13+CX13-CV13 -> 0
A14: ABC11 | D14: =_xlfn.XLOOKUP(A14,'ABC-XYZ분석 (2)'!C:C,'ABC-XYZ분석 (2)'!I:I) -> 사계절 | E14: =_xlfn.XLOOKUP(A14,'ABC-XYZ분석 (2)'!C:C,'ABC-XYZ분석 (2)'!AC:AC) -> A | F14: =_xlfn.XLOOKUP(A14,'ABC-XYZ분석 (2)'!C:C,'ABC-XYZ분석 (2)'!AG:AG) -> X | G14: =SUMIF(재고!C:C,PSI_메인!A14,재고!I:I) -> 0 | H14: 2877 | I14: 0 | J14: 0 | K14: 400 | L14: 0 | M14: =SUMIFS(입항스케줄!J:J,입항스케줄!C:C,PSI_메인!A14,입항스케줄!U:U,"2601") -> 0 | N14: =SUMIFS(입항스케줄!J:J,입항스케줄!C:C,PSI_메인!A14,입항스케줄!V:V,"2601") -> 0 | O14: =$G14+M14-K14 -> -400 | P14: =$G14+N14-L14 -> 0 | Q14: 0 | R14: 0 | S14: 500 | T14: 0 | U14: =SUMIFS(입항스케줄!J:J,입항스케줄!C:C,PSI_메인!A14,입항스케줄!U:U,"2602") -> 0 | V14: =SUMIFS(입항스케줄!J:J,입항스케줄!C:C,PSI_메인!A14,입항스케줄!V:V,"2602") -> 0 | W14: =$G14+U14-S14 -> -500 | X14: =$G14+V14-T14 -> 0 | Y14: 0 | Z14: 0 | AA14: =ROUND((Y14+Z14)/2,0) -> 0 | AB14: 0 | AC14: =SUMIFS(입항스케줄!J:J,입항스케줄!C:C,PSI_메인!A14,입항스케줄!U:U,"2603") -> 0 | AD14: =SUMIFS(입항스케줄!J:J,입항스케줄!C:C,PSI_메인!A14,입항스케줄!V:V,"2603") -> 0 | AE14: =$G14+AC14-AA14 -> 0 | AF14: =$G14+AD14-AB14 -> 0 | AG14: 0 | AH14: 0 | AI14: =ROUND((AG14+AH14)/2,0) -> 0 | AJ14: 0 | AK14: =SUMIFS(입항스케줄!J:J,입항스케줄!C:C,PSI_메인!A14,입항스케줄!U:U,"2604") -> 0 | AL14: =SUMIFS(입항스케줄!J:J,입항스케줄!C:C,PSI_메인!A14,입항스케줄!V:V,"2604") -> 0 | AM14: =$G14+AK14-AI14 -> 0 | AN14: =$G14+AL14-AJ14 -> 0 | AO14: 0 | AP14: 0 | AQ14: =ROUND((AO14+AP14)/2,0) -> 0 | AR14: 0 | AU14: =$G14+AS14-AQ14 -> 0 | AV14: =$G14+AT14-AR14 -> 0 | AW14: 0 | AX14: 0 | AY14: =ROUND((AW14+AX14)/2,0) -> 0 | AZ14: 0 | BC14: =$G14+BA14-AY14 -> 0 | BD14: =$G14+BB14-AZ14 -> 0 | BE14: 0 | BF14: 0 | BG14: =ROUND((BE14+BF14)/2,0) -> 0 | BH14: 0 | BK14: =$G14+BI14-BG14 -> 0 | BL14: =$G14+BJ14-BH14 -> 0 | BM14: 0 | BN14: 0 | BO14: =ROUND((BM14+BN14)/2,0) -> 0 | BP14: 0 | BS14: =$G14+BQ14-BO14 -> 0 | BT14: =$G14+BR14-BP14 -> 0 | BU14: 0 | BV14: 0 | BW14: =ROUND((BU14+BV14)/2,0) -> 0 | BX14: 0 | CA14: =$G14+BY14-BW14 -> 0 | CB14: =$G14+BZ14-BX14 -> 0 | CC14: 0 | CD14: 0 | CE14: =ROUND((CC14+CD14)/2,0) -> 0 | CF14: 0 | CI14: =$G14+CG14-CE14 -> 0 | CJ14: =$G14+CH14-CF14 -> 0 | CK14: 0 | CL14: 0 | CM14: =ROUND((CK14+CL14)/2,0) -> 0 | CN14: 0 | CQ14: =$G14+CO14-CM14 -> 0 | CR14: =$G14+CP14-CN14 -> 0 | CS14: 0 | CT14: 0 | CU14: =ROUND((CS14+CT14)/2,0) -> 0 | CV14: 0 | CY14: =$G14+CW14-CU14 -> 0 | CZ14: =$G14+CX14-CV14 -> 0
A15: ABC12 | D15: =_xlfn.XLOOKUP(A15,'ABC-XYZ분석 (2)'!C:C,'ABC-XYZ분석 (2)'!I:I) -> 사계절 | E15: =_xlfn.XLOOKUP(A15,'ABC-XYZ분석 (2)'!C:C,'ABC-XYZ분석 (2)'!AC:AC) -> A | F15: =_xlfn.XLOOKUP(A15,'ABC-XYZ분석 (2)'!C:C,'ABC-XYZ분석 (2)'!AG:AG) -> X | G15: =SUMIF(재고!C:C,PSI_메인!A15,재고!I:I) -> 2800 | H15: 3641 | I15: 0 | J15: 0 | K15: 2000 | L15: 0 | M15: =SUMIFS(입항스케줄!J:J,입항스케줄!C:C,PSI_메인!A15,입항스케줄!U:U,"2601") -> 0 | N15: =SUMIFS(입항스케줄!J:J,입항스케줄!C:C,PSI_메인!A15,입항스케줄!V:V,"2601") -> 0 | O15: =$G15+M15-K15 -> 800 | P15: =$G15+N15-L15 -> 2800 | Q15: 0 | R15: 0 | S15: 2000 | T15: 0 | U15: =SUMIFS(입항스케줄!J:J,입항스케줄!C:C,PSI_메인!A15,입항스케줄!U:U,"2602") -> 0 | V15: =SUMIFS(입항스케줄!J:J,입항스케줄!C:C,PSI_메인!A15,입항스케줄!V:V,"2602") -> 0 | W15: =$G15+U15-S15 -> 800 | X15: =$G15+V15-T15 -> 2800 | Y15: 0 | Z15: 0 | AA15: =ROUND((Y15+Z15)/2,0) -> 0 | AB15: 0 | AC15: =SUMIFS(입항스케줄!J:J,입항스케줄!C:C,PSI_메인!A15,입항스케줄!U:U,"2603") -> 0 | AD15: =SUMIFS(입항스케줄!J:J,입항스케줄!C:C,PSI_메인!A15,입항스케줄!V:V,"2603") -> 0 | AE15: =$G15+AC15-AA15 -> 2800 | AF15: =$G15+AD15-AB15 -> 2800 | AG15: 0 | AH15: 0 | AI15: =ROUND((AG15+AH15)/2,0) -> 0 | AJ15: 0 | AK15: =SUMIFS(입항스케줄!J:J,입항스케줄!C:C,PSI_메인!A15,입항스케줄!U:U,"2604") -> 0 | AL15: =SUMIFS(입항스케줄!J:J,입항스케줄!C:C,PSI_메인!A15,입항스케줄!V:V,"2604") -> 0 | AM15: =$G15+AK15-AI15 -> 2800 | AN15: =$G15+AL15-AJ15 -> 2800 | AO15: 0 | AP15: 0 | AQ15: =ROUND((AO15+AP15)/2,0) -> 0 | AR15: 0 | AU15: =$G15+AS15-AQ15 -> 2800 | AV15: =$G15+AT15-AR15 -> 2800 | AW15: 0 | AX15: 0 | AY15: =ROUND((AW15+AX15)/2,0) -> 0 | AZ15: 0 | BC15: =$G15+BA15-AY15 -> 2800 | BD15: =$G15+BB15-AZ15 -> 2800 | BE15: 0 | BF15: 0 | BG15: =ROUND((BE15+BF15)/2,0) -> 0 | BH15: 0 | BK15: =$G15+BI15-BG15 -> 2800 | BL15: =$G15+BJ15-BH15 -> 2800 | BM15: 0 | BN15: 0 | BO15: =ROUND((BM15+BN15)/2,0) -> 0 | BP15: 0 | BS15: =$G15+BQ15-BO15 -> 2800 | BT15: =$G15+BR15-BP15 -> 2800 | BU15: 0 | BV15: 0 | BW15: =ROUND((BU15+BV15)/2,0) -> 0 | BX15: 0 | CA15: =$G15+BY15-BW15 -> 2800 | CB15: =$G15+BZ15-BX15 -> 2800 | CC15: 0 | CD15: 0 | CE15: =ROUND((CC15+CD15)/2,0) -> 0 | CF15: 0 | CI15: =$G15+CG15-CE15 -> 2800 | CJ15: =$G15+CH15-CF15 -> 2800 | CK15: 0 | CL15: 0 | CM15: =ROUND((CK15+CL15)/2,0) -> 0 | CN15: 0 | CQ15: =$G15+CO15-CM15 -> 2800 | CR15: =$G15+CP15-CN15 -> 2800 | CS15: 0 | CT15: 0 | CU15: =ROUND((CS15+CT15)/2,0) -> 0 | CV15: 0 | CY15: =$G15+CW15-CU15 -> 2800 | CZ15: =$G15+CX15-CV15 -> 2800
A16: ABC13 | D16: =_xlfn.XLOOKUP(A16,'ABC-XYZ분석 (2)'!C:C,'ABC-XYZ분석 (2)'!I:I) -> 여름 | E16: =_xlfn.XLOOKUP(A16,'ABC-XYZ분석 (2)'!C:C,'ABC-XYZ분석 (2)'!AC:AC) -> A | F16: =_xlfn.XLOOKUP(A16,'ABC-XYZ분석 (2)'!C:C,'ABC-XYZ분석 (2)'!AG:AG) -> Z | G16: =SUMIF(재고!C:C,PSI_메인!A16,재고!I:I) -> 1 | H16: 837 | I16: 0 | J16: 0 | K16: 487.5 | L16: 0 | M16: =SUMIFS(입항스케줄!J:J,입항스케줄!C:C,PSI_메인!A16,입항스케줄!U:U,"2601") -> 0 | N16: =SUMIFS(입항스케줄!J:J,입항스케줄!C:C,PSI_메인!A16,입항스케줄!V:V,"2601") -> 0 | O16: =$G16+M16-K16 -> -486.5 | P16: =$G16+N16-L16 -> 1 | Q16: 0 | R16: 0 | S16: 300 | T16: 0 | U16: =SUMIFS(입항스케줄!J:J,입항스케줄!C:C,PSI_메인!A16,입항스케줄!U:U,"2602") -> 0 | V16: =SUMIFS(입항스케줄!J:J,입항스케줄!C:C,PSI_메인!A16,입항스케줄!V:V,"2602") -> 0 | W16: =$G16+U16-S16 -> -299 | X16: =$G16+V16-T16 -> 1 | Y16: 0 | Z16: 0 | AA16: =ROUND((Y16+Z16)/2,0) -> 0 | AB16: 0 | AC16: =SUMIFS(입항스케줄!J:J,입항스케줄!C:C,PSI_메인!A16,입항스케줄!U:U,"2603") -> 0 | AD16: =SUMIFS(입항스케줄!J:J,입항스케줄!C:C,PSI_메인!A16,입항스케줄!V:V,"2603") -> 0 | AE16: =$G16+AC16-AA16 -> 1 | AF16: =$G16+AD16-AB16 -> 1 | AG16: 0 | AH16: 0 | AI16: =ROUND((AG16+AH16)/2,0) -> 0 | AJ16: 0 | AK16: =SUMIFS(입항스케줄!J:J,입항스케줄!C:C,PSI_메인!A16,입항스케줄!U:U,"2604") -> 0 | AL16: =SUMIFS(입항스케줄!J:J,입항스케줄!C:C,PSI_메인!A16,입항스케줄!V:V,"2604") -> 0 | AM16: =$G16+AK16-AI16 -> 1 | AN16: =$G16+AL16-AJ16 -> 1 | AO16: 0 | AP16: 0 | AQ16: =ROUND((AO16+AP16)/2,0) -> 0 | AR16: 0 | AU16: =$G16+AS16-AQ16 -> 1 | AV16: =$G16+AT16-AR16 -> 1 | AW16: 0 | AX16: 0 | AY16: =ROUND((AW16+AX16)/2,0) -> 0 | AZ16: 0 | BC16: =$G16+BA16-AY16 -> 1 | BD16: =$G16+BB16-AZ16 -> 1 | BE16: 0 | BF16: 0 | BG16: =ROUND((BE16+BF16)/2,0) -> 0 | BH16: 0 | BK16: =$G16+BI16-BG16 -> 1 | BL16: =$G16+BJ16-BH16 -> 1 | BM16: 0 | BN16: 0 | BO16: =ROUND((BM16+BN16)/2,0) -> 0 | BP16: 0 | BS16: =$G16+BQ16-BO16 -> 1 | BT16: =$G16+BR16-BP16 -> 1 | BU16: 0 | BV16: 0 | BW16: =ROUND((BU16+BV16)/2,0) -> 0 | BX16: 0 | CA16: =$G16+BY16-BW16 -> 1 | CB16: =$G16+BZ16-BX16 -> 1 | CC16: 0 | CD16: 0 | CE16: =ROUND((CC16+CD16)/2,0) -> 0 | CF16: 0 | CI16: =$G16+CG16-CE16 -> 1 | CJ16: =$G16+CH16-CF16 -> 1 | CK16: 0 | CL16: 0 | CM16: =ROUND((CK16+CL16)/2,0) -> 0 | CN16: 0 | CQ16: =$G16+CO16-CM16 -> 1 | CR16: =$G16+CP16-CN16 -> 1 | CS16: 0 | CT16: 0 | CU16: =ROUND((CS16+CT16)/2,0) -> 0 | CV16: 0 | CY16: =$G16+CW16-CU16 -> 1 | CZ16: =$G16+CX16-CV16 -> 1
A17: ABC14 | D17: =_xlfn.XLOOKUP(A17,'ABC-XYZ분석 (2)'!C:C,'ABC-XYZ분석 (2)'!I:I) -> 사계절 | E17: =_xlfn.XLOOKUP(A17,'ABC-XYZ분석 (2)'!C:C,'ABC-XYZ분석 (2)'!AC:AC) -> A | F17: =_xlfn.XLOOKUP(A17,'ABC-XYZ분석 (2)'!C:C,'ABC-XYZ분석 (2)'!AG:AG) -> Y | G17: =SUMIF(재고!C:C,PSI_메인!A17,재고!I:I) -> 2 | H17: 9201 | I17: 0 | J17: 0 | K17: 0 | L17: 0 | M17: =SUMIFS(입항스케줄!J:J,입항스케줄!C:C,PSI_메인!A17,입항스케줄!U:U,"2601") -> 0 | N17: =SUMIFS(입항스케줄!J:J,입항스케줄!C:C,PSI_메인!A17,입항스케줄!V:V,"2601") -> 0 | O17: =$G17+M17-K17 -> 2 | P17: =$G17+N17-L17 -> 2 | Q17: 0 | R17: 0 | S17: 0 | T17: 0 | U17: =SUMIFS(입항스케줄!J:J,입항스케줄!C:C,PSI_메인!A17,입항스케줄!U:U,"2602") -> 0 | V17: =SUMIFS(입항스케줄!J:J,입항스케줄!C:C,PSI_메인!A17,입항스케줄!V:V,"2602") -> 0 | W17: =$G17+U17-S17 -> 2 | X17: =$G17+V17-T17 -> 2 | Y17: 0 | Z17: 0 | AA17: =ROUND((Y17+Z17)/2,0) -> 0 | AB17: 0 | AC17: =SUMIFS(입항스케줄!J:J,입항스케줄!C:C,PSI_메인!A17,입항스케줄!U:U,"2603") -> 0 | AD17: =SUMIFS(입항스케줄!J:J,입항스케줄!C:C,PSI_메인!A17,입항스케줄!V:V,"2603") -> 0 | AE17: =$G17+AC17-AA17 -> 2 | AF17: =$G17+AD17-AB17 -> 2 | AG17: 0 | AH17: 0 | AI17: =ROUND((AG17+AH17)/2,0) -> 0 | AJ17: 0 | AK17: =SUMIFS(입항스케줄!J:J,입항스케줄!C:C,PSI_메인!A17,입항스케줄!U:U,"2604") -> 0 | AL17: =SUMIFS(입항스케줄!J:J,입항스케줄!C:C,PSI_메인!A17,입항스케줄!V:V,"2604") -> 0 | AM17: =$G17+AK17-AI17 -> 2 | AN17: =$G17+AL17-AJ17 -> 2 | AO17: 0 | AP17: 0 | AQ17: =ROUND((AO17+AP17)/2,0) -> 0 | AR17: 0 | AU17: =$G17+AS17-AQ17 -> 2 | AV17: =$G17+AT17-AR17 -> 2 | AW17: 0 | AX17: 0 | AY17: =ROUND((AW17+AX17)/2,0) -> 0 | AZ17: 0 | BC17: =$G17+BA17-AY17 -> 2 | BD17: =$G17+BB17-AZ17 -> 2 | BE17: 0 | BF17: 0 | BG17: =ROUND((BE17+BF17)/2,0) -> 0 | BH17: 0 | BK17: =$G17+BI17-BG17 -> 2 | BL17: =$G17+BJ17-BH17 -> 2 | BM17: 0 | BN17: 0 | BO17: =ROUND((BM17+BN17)/2,0) -> 0 | BP17: 0 | BS17: =$G17+BQ17-BO17 -> 2 | BT17: =$G17+BR17-BP17 -> 2 | BU17: 0 | BV17: 0 | BW17: =ROUND((BU17+BV17)/2,0) -> 0 | BX17: 0 | CA17: =$G17+BY17-BW17 -> 2 | CB17: =$G17+BZ17-BX17 -> 2 | CC17: 0 | CD17: 0 | CE17: =ROUND((CC17+CD17)/2,0) -> 0 | CF17: 0 | CI17: =$G17+CG17-CE17 -> 2 | CJ17: =$G17+CH17-CF17 -> 2 | CK17: 0 | CL17: 0 | CM17: =ROUND((CK17+CL17)/2,0) -> 0 | CN17: 0 | CQ17: =$G17+CO17-CM17 -> 2 | CR17: =$G17+CP17-CN17 -> 2 | CS17: 0 | CT17: 0 | CU17: =ROUND((CS17+CT17)/2,0) -> 0 | CV17: 0 | CY17: =$G17+CW17-CU17 -> 2 | CZ17: =$G17+CX17-CV17 -> 2
A18: ABC15 | D18: =_xlfn.XLOOKUP(A18,'ABC-XYZ분석 (2)'!C:C,'ABC-XYZ분석 (2)'!I:I) -> 여름 | E18: =_xlfn.XLOOKUP(A18,'ABC-XYZ분석 (2)'!C:C,'ABC-XYZ분석 (2)'!AC:AC) -> A | F18: =_xlfn.XLOOKUP(A18,'ABC-XYZ분석 (2)'!C:C,'ABC-XYZ분석 (2)'!AG:AG) -> Z | G18: =SUMIF(재고!C:C,PSI_메인!A18,재고!I:I) -> 0 | H18: 556 | I18: 0 | J18: 0 | K18: 300 | L18: 0 | M18: =SUMIFS(입항스케줄!J:J,입항스케줄!C:C,PSI_메인!A18,입항스케줄!U:U,"2601") -> 0 | N18: =SUMIFS(입항스케줄!J:J,입항스케줄!C:C,PSI_메인!A18,입항스케줄!V:V,"2601") -> 0 | O18: =$G18+M18-K18 -> -300 | P18: =$G18+N18-L18 -> 0 | Q18: 0 | R18: 0 | S18: 300 | T18: 0 | U18: =SUMIFS(입항스케줄!J:J,입항스케줄!C:C,PSI_메인!A18,입항스케줄!U:U,"2602") -> 0 | V18: =SUMIFS(입항스케줄!J:J,입항스케줄!C:C,PSI_메인!A18,입항스케줄!V:V,"2602") -> 0 | W18: =$G18+U18-S18 -> -300 | X18: =$G18+V18-T18 -> 0 | Y18: 0 | Z18: 0 | AA18: =ROUND((Y18+Z18)/2,0) -> 0 | AB18: 0 | AC18: =SUMIFS(입항스케줄!J:J,입항스케줄!C:C,PSI_메인!A18,입항스케줄!U:U,"2603") -> 0 | AD18: =SUMIFS(입항스케줄!J:J,입항스케줄!C:C,PSI_메인!A18,입항스케줄!V:V,"2603") -> 0 | AE18: =$G18+AC18-AA18 -> 0 | AF18: =$G18+AD18-AB18 -> 0 | AG18: 0 | AH18: 0 | AI18: =ROUND((AG18+AH18)/2,0) -> 0 | AJ18: 0 | AK18: =SUMIFS(입항스케줄!J:J,입항스케줄!C:C,PSI_메인!A18,입항스케줄!U:U,"2604") -> 0 | AL18: =SUMIFS(입항스케줄!J:J,입항스케줄!C:C,PSI_메인!A18,입항스케줄!V:V,"2604") -> 0 | AM18: =$G18+AK18-AI18 -> 0 | AN18: =$G18+AL18-AJ18 -> 0 | AO18: 0 | AP18: 0 | AQ18: =ROUND((AO18+AP18)/2,0) -> 0 | AR18: 0 | AU18: =$G18+AS18-AQ18 -> 0 | AV18: =$G18+AT18-AR18 -> 0 | AW18: 0 | AX18: 0 | AY18: =ROUND((AW18+AX18)/2,0) -> 0 | AZ18: 0 | BC18: =$G18+BA18-AY18 -> 0 | BD18: =$G18+BB18-AZ18 -> 0 | BE18: 0 | BF18: 0 | BG18: =ROUND((BE18+BF18)/2,0) -> 0 | BH18: 0 | BK18: =$G18+BI18-BG18 -> 0 | BL18: =$G18+BJ18-BH18 -> 0 | BM18: 0 | BN18: 0 | BO18: =ROUND((BM18+BN18)/2,0) -> 0 | BP18: 0 | BS18: =$G18+BQ18-BO18 -> 0 | BT18: =$G18+BR18-BP18 -> 0 | BU18: 0 | BV18: 0 | BW18: =ROUND((BU18+BV18)/2,0) -> 0 | BX18: 0 | CA18: =$G18+BY18-BW18 -> 0 | CB18: =$G18+BZ18-BX18 -> 0 | CC18: 0 | CD18: 0 | CE18: =ROUND((CC18+CD18)/2,0) -> 0 | CF18: 0 | CI18: =$G18+CG18-CE18 -> 0 | CJ18: =$G18+CH18-CF18 -> 0 | CK18: 0 | CL18: 0 | CM18: =ROUND((CK18+CL18)/2,0) -> 0 | CN18: 0 | CQ18: =$G18+CO18-CM18 -> 0 | CR18: =$G18+CP18-CN18 -> 0 | CS18: 0 | CT18: 0 | CU18: =ROUND((CS18+CT18)/2,0) -> 0 | CV18: 0 | CY18: =$G18+CW18-CU18 -> 0 | CZ18: =$G18+CX18-CV18 -> 0
A19: ABC16 | D19: =_xlfn.XLOOKUP(A19,'ABC-XYZ분석 (2)'!C:C,'ABC-XYZ분석 (2)'!I:I) -> 사계절 | E19: =_xlfn.XLOOKUP(A19,'ABC-XYZ분석 (2)'!C:C,'ABC-XYZ분석 (2)'!AC:AC) -> A | F19: =_xlfn.XLOOKUP(A19,'ABC-XYZ분석 (2)'!C:C,'ABC-XYZ분석 (2)'!AG:AG) -> Y | G19: =SUMIF(재고!C:C,PSI_메인!A19,재고!I:I) -> 24 | H19: 195 | I19: 0 | J19: 0 | K19: 300 | L19: 0 | M19: =SUMIFS(입항스케줄!J:J,입항스케줄!C:C,PSI_메인!A19,입항스케줄!U:U,"2601") -> 0 | N19: =SUMIFS(입항스케줄!J:J,입항스케줄!C:C,PSI_메인!A19,입항스케줄!V:V,"2601") -> 0 | O19: =$G19+M19-K19 -> -276 | P19: =$G19+N19-L19 -> 24 | Q19: 0 | R19: 0 | S19: 75.6 | T19: 0 | U19: =SUMIFS(입항스케줄!J:J,입항스케줄!C:C,PSI_메인!A19,입항스케줄!U:U,"2602") -> 0 | V19: =SUMIFS(입항스케줄!J:J,입항스케줄!C:C,PSI_메인!A19,입항스케줄!V:V,"2602") -> 0 | W19: =$G19+U19-S19 -> -51.6 | X19: =$G19+V19-T19 -> 24 | Y19: 0 | Z19: 0 | AA19: =ROUND((Y19+Z19)/2,0) -> 0 | AB19: 0 | AC19: =SUMIFS(입항스케줄!J:J,입항스케줄!C:C,PSI_메인!A19,입항스케줄!U:U,"2603") -> 0 | AD19: =SUMIFS(입항스케줄!J:J,입항스케줄!C:C,PSI_메인!A19,입항스케줄!V:V,"2603") -> 0 | AE19: =$G19+AC19-AA19 -> 24 | AF19: =$G19+AD19-AB19 -> 24 | AG19: 0 | AH19: 0 | AI19: =ROUND((AG19+AH19)/2,0) -> 0 | AJ19: 0 | AK19: =SUMIFS(입항스케줄!J:J,입항스케줄!C:C,PSI_메인!A19,입항스케줄!U:U,"2604") -> 0 | AL19: =SUMIFS(입항스케줄!J:J,입항스케줄!C:C,PSI_메인!A19,입항스케줄!V:V,"2604") -> 0 | AM19: =$G19+AK19-AI19 -> 24 | AN19: =$G19+AL19-AJ19 -> 24 | AO19: 0 | AP19: 0 | AQ19: =ROUND((AO19+AP19)/2,0) -> 0 | AR19: 0 | AU19: =$G19+AS19-AQ19 -> 24 | AV19: =$G19+AT19-AR19 -> 24 | AW19: 0 | AX19: 0 | AY19: =ROUND((AW19+AX19)/2,0) -> 0 | AZ19: 0 | BC19: =$G19+BA19-AY19 -> 24 | BD19: =$G19+BB19-AZ19 -> 24 | BE19: 0 | BF19: 0 | BG19: =ROUND((BE19+BF19)/2,0) -> 0 | BH19: 0 | BK19: =$G19+BI19-BG19 -> 24 | BL19: =$G19+BJ19-BH19 -> 24 | BM19: 0 | BN19: 0 | BO19: =ROUND((BM19+BN19)/2,0) -> 0 | BP19: 0 | BS19: =$G19+BQ19-BO19 -> 24 | BT19: =$G19+BR19-BP19 -> 24 | BU19: 0 | BV19: 0 | BW19: =ROUND((BU19+BV19)/2,0) -> 0 | BX19: 0 | CA19: =$G19+BY19-BW19 -> 24 | CB19: =$G19+BZ19-BX19 -> 24 | CC19: 0 | CD19: 0 | CE19: =ROUND((CC19+CD19)/2,0) -> 0 | CF19: 0 | CI19: =$G19+CG19-CE19 -> 24 | CJ19: =$G19+CH19-CF19 -> 24 | CK19: 0 | CL19: 0 | CM19: =ROUND((CK19+CL19)/2,0) -> 0 | CN19: 0 | CQ19: =$G19+CO19-CM19 -> 24 | CR19: =$G19+CP19-CN19 -> 24 | CS19: 0 | CT19: 0 | CU19: =ROUND((CS19+CT19)/2,0) -> 0 | CV19: 0 | CY19: =$G19+CW19-CU19 -> 24 | CZ19: =$G19+CX19-CV19 -> 24
A20: ABC17 | D20: =_xlfn.XLOOKUP(A20,'ABC-XYZ분석 (2)'!C:C,'ABC-XYZ분석 (2)'!I:I) -> 사계절 | E20: =_xlfn.XLOOKUP(A20,'ABC-XYZ분석 (2)'!C:C,'ABC-XYZ분석 (2)'!AC:AC) -> A | F20: =_xlfn.XLOOKUP(A20,'ABC-XYZ분석 (2)'!C:C,'ABC-XYZ분석 (2)'!AG:AG) -> Y | G20: =SUMIF(재고!C:C,PSI_메인!A20,재고!I:I) -> 10 | H20: 649 | I20: 0 | J20: 0 | K20: 562.5 | L20: 0 | M20: =SUMIFS(입항스케줄!J:J,입항스케줄!C:C,PSI_메인!A20,입항스케줄!U:U,"2601") -> 0 | N20: =SUMIFS(입항스케줄!J:J,입항스케줄!C:C,PSI_메인!A20,입항스케줄!V:V,"2601") -> 0 | O20: =$G20+M20-K20 -> -552.5 | P20: =$G20+N20-L20 -> 10 | Q20: 0 | R20: 0 | S20: 300 | T20: 0 | U20: =SUMIFS(입항스케줄!J:J,입항스케줄!C:C,PSI_메인!A20,입항스케줄!U:U,"2602") -> 0 | V20: =SUMIFS(입항스케줄!J:J,입항스케줄!C:C,PSI_메인!A20,입항스케줄!V:V,"2602") -> 0 | W20: =$G20+U20-S20 -> -290 | X20: =$G20+V20-T20 -> 10 | Y20: 0 | Z20: 0 | AA20: =ROUND((Y20+Z20)/2,0) -> 0 | AB20: 0 | AC20: =SUMIFS(입항스케줄!J:J,입항스케줄!C:C,PSI_메인!A20,입항스케줄!U:U,"2603") -> 0 | AD20: =SUMIFS(입항스케줄!J:J,입항스케줄!C:C,PSI_메인!A20,입항스케줄!V:V,"2603") -> 0 | AE20: =$G20+AC20-AA20 -> 10 | AF20: =$G20+AD20-AB20 -> 10 | AG20: 0 | AH20: 0 | AI20: =ROUND((AG20+AH20)/2,0) -> 0 | AJ20: 0 | AK20: =SUMIFS(입항스케줄!J:J,입항스케줄!C:C,PSI_메인!A20,입항스케줄!U:U,"2604") -> 0 | AL20: =SUMIFS(입항스케줄!J:J,입항스케줄!C:C,PSI_메인!A20,입항스케줄!V:V,"2604") -> 0 | AM20: =$G20+AK20-AI20 -> 10 | AN20: =$G20+AL20-AJ20 -> 10 | AO20: 0 | AP20: 0 | AQ20: =ROUND((AO20+AP20)/2,0) -> 0 | AR20: 0 | AU20: =$G20+AS20-AQ20 -> 10 | AV20: =$G20+AT20-AR20 -> 10 | AW20: 0 | AX20: 0 | AY20: =ROUND((AW20+AX20)/2,0) -> 0 | AZ20: 0 | BC20: =$G20+BA20-AY20 -> 10 | BD20: =$G20+BB20-AZ20 -> 10 | BE20: 0 | BF20: 0 | BG20: =ROUND((BE20+BF20)/2,0) -> 0 | BH20: 0 | BK20: =$G20+BI20-BG20 -> 10 | BL20: =$G20+BJ20-BH20 -> 10 | BM20: 0 | BN20: 0 | BO20: =ROUND((BM20+BN20)/2,0) -> 0 | BP20: 0 | BS20: =$G20+BQ20-BO20 -> 10 | BT20: =$G20+BR20-BP20 -> 10 | BU20: 0 | BV20: 0 | BW20: =ROUND((BU20+BV20)/2,0) -> 0 | BX20: 0 | CA20: =$G20+BY20-BW20 -> 10 | CB20: =$G20+BZ20-BX20 -> 10 | CC20: 0 | CD20: 0 | CE20: =ROUND((CC20+CD20)/2,0) -> 0 | CF20: 0 | CI20: =$G20+CG20-CE20 -> 10 | CJ20: =$G20+CH20-CF20 -> 10 | CK20: 0 | CL20: 0 | CM20: =ROUND((CK20+CL20)/2,0) -> 0 | CN20: 0 | CQ20: =$G20+CO20-CM20 -> 10 | CR20: =$G20+CP20-CN20 -> 10 | CS20: 0 | CT20: 0 | CU20: =ROUND((CS20+CT20)/2,0) -> 0 | CV20: 0 | CY20: =$G20+CW20-CU20 -> 10 | CZ20: =$G20+CX20-CV20 -> 10
... A102: ABC99 | D102: =_xlfn.XLOOKUP(A102,'ABC-XYZ분석 (2)'!C:C,'ABC-XYZ분석 (2)'!I:I) -> 사계절 | E102: =_xlfn.XLOOKUP(A102,'ABC-XYZ분석 (2)'!C:C,'ABC-XYZ분석 (2)'!AC:AC) -> C | F102: =_xlfn.XLOOKUP(A102,'ABC-XYZ분석 (2)'!C:C,'ABC-XYZ분석 (2)'!AG:AG) -> Y | G102: =SUMIF(재고!C:C,PSI_메인!A102,재고!I:I) -> 500 | H102: 138 | I102: 0 | J102: 0 | K102: 85 | L102: 0 | M102: =SUMIFS(입항스케줄!J:J,입항스케줄!C:C,PSI_메인!A102,입항스케줄!U:U,"2601") -> 0 | N102: =SUMIFS(입항스케줄!J:J,입항스케줄!C:C,PSI_메인!A102,입항스케줄!V:V,"2601") -> 0 | O102: =$G102+M102-K102 -> 415 | P102: =$G102+N102-L102 -> 500 | Q102: 0 | R102: 0 | S102: 59 | T102: 0 | U102: =SUMIFS(입항스케줄!J:J,입항스케줄!C:C,PSI_메인!A102,입항스케줄!U:U,"2602") -> 0 | V102: =SUMIFS(입항스케줄!J:J,입항스케줄!C:C,PSI_메인!A102,입항스케줄!V:V,"2602") -> 0 | W102: =$G102+U102-S102 -> 441 | X102: =$G102+V102-T102 -> 500 | Y102: 0 | Z102: 0 | AA102: =ROUND((Y102+Z102)/2,0) -> 0 | AB102: 0 | AC102: =SUMIFS(입항스케줄!J:J,입항스케줄!C:C,PSI_메인!A102,입항스케줄!U:U,"2603") -> 0 | AD102: =SUMIFS(입항스케줄!J:J,입항스케줄!C:C,PSI_메인!A102,입항스케줄!V:V,"2603") -> 0 | AE102: =$G102+AC102-AA102 -> 500 | AF102: =$G102+AD102-AB102 -> 500 | AG102: 0 | AH102: 0 | AI102: =ROUND((AG102+AH102)/2,0) -> 0 | AJ102: 0 | AK102: =SUMIFS(입항스케줄!J:J,입항스케줄!C:C,PSI_메인!A102,입항스케줄!U:U,"2604") -> 0 | AL102: =SUMIFS(입항스케줄!J:J,입항스케줄!C:C,PSI_메인!A102,입항스케줄!V:V,"2604") -> 0 | AM102: =$G102+AK102-AI102 -> 500 | AN102: =$G102+AL102-AJ102 -> 500 | AO102: 0 | AP102: 0 | AQ102: =ROUND((AO102+AP102)/2,0) -> 0 | AR102: 0 | AU102: =$G102+AS102-AQ102 -> 500 | AV102: =$G102+AT102-AR102 -> 500 | AW102: 0 | AX102: 0 | AY102: =ROUND((AW102+AX102)/2,0) -> 0 | AZ102: 0 | BC102: =$G102+BA102-AY102 -> 500 | BD102: =$G102+BB102-AZ102 -> 500 | BE102: 0 | BF102: 0 | BG102: =ROUND((BE102+BF102)/2,0) -> 0 | BH102: 0 | BK102: =$G102+BI102-BG102 -> 500 | BL102: =$G102+BJ102-BH102 -> 500 | BM102: 0 | BN102: 0 | BO102: =ROUND((BM102+BN102)/2,0) -> 0 | BP102: 0 | BS102: =$G102+BQ102-BO102 -> 500 | BT102: =$G102+BR102-BP102 -> 500 | BU102: 0 | BV102: 0 | BW102: =ROUND((BU102+BV102)/2,0) -> 0 | BX102: 0 | CA102: =$G102+BY102-BW102 -> 500 | CB102: =$G102+BZ102-BX102 -> 500 | CC102: 0 | CD102: 0 | CE102: =ROUND((CC102+CD102)/2,0) -> 0 | CF102: 0 | CI102: =$G102+CG102-CE102 -> 500 | CJ102: =$G102+CH102-CF102 -> 500 | CK102: 0 | CL102: 0 | CM102: =ROUND((CK102+CL102)/2,0) -> 0 | CN102: 0 | CQ102: =$G102+CO102-CM102 -> 500 | CR102: =$G102+CP102-CN102 -> 500 | CS102: 0 | CT102: 0 | CU102: =ROUND((CS102+CT102)/2,0) -> 0 | CV102: 0 | CY102: =$G102+CW102-CU102 -> 500 | CZ102: =$G102+CX102-CV102 -> 500

Sheet 안전재고
A1: SKU 코드 | B1: 제품명 | C1: 리드타임 (일) | D1: 일평균 판매 | E1: 수요 표준편차 | F1: ABC | G1: XYZ | H1: 안전 계수 | I1: 안전재고 | J1: 안전재고 계산식 | M1: 서비스 레벨 | N1: Z-score (안전계수) | O1: 의미 | Q1: XYZ보정계수 (재고 축소목적)
A2: ABC1 | C2: 30 | D2: =30/SUMIF('ABC-XYZ분석 (2)'!C:C,안전재고!A2,'ABC-XYZ분석 (2)'!X:X) -> 5 | E2: =IFERROR('ABC-XYZ분석 (2)'!AE2/30,0) -> 26.102155 | F2: =_xlfn.XLOOKUP(표7[[#This Row],[SKU 코드]],'ABC-XYZ분석 (2)'!C:C,'ABC-XYZ분석 (2)'!AC:AC) -> A | G2: =_xlfn.XLOOKUP(표7[[#This Row],[SKU 코드]],'ABC-XYZ분석 (2)'!C:C,'ABC-XYZ분석 (2)'!AG:AG) -> Z | H2: =_xlfn.XLOOKUP(표7[[#This Row],[ABC]],L:L,N:N) -> 1.48 | I2: =ROUND(E2*SQRT(C2)*표7[[#This Row],[안전 계수]]*_xlfn.XLOOKUP(표7[[#This Row],[XYZ]],Q:Q,R:R),0) -> 212 | J2: 표준편차×√LT×안전계수x보정계수 | L2: C | M2: 0.85 | N2: 1.04 | Q2: X | R2: 0.85
A3: ABC2 | C3: 30 | D3: =30/SUMIF('ABC-XYZ분석 (2)'!C:C,안전재고!A3,'ABC-XYZ분석 (2)'!X:X) -> 4.7368421 | E3: =IFERROR('ABC-XYZ분석 (2)'!AE3/30,0) -> 29.274017 | F3: =_xlfn.XLOOKUP(표7[[#This Row],[SKU 코드]],'ABC-XYZ분석 (2)'!C:C,'ABC-XYZ분석 (2)'!AC:AC) -> A | G3: =_xlfn.XLOOKUP(표7[[#This Row],[SKU 코드]],'ABC-XYZ분석 (2)'!C:C,'ABC-XYZ분석 (2)'!AG:AG) -> Z | H3: =_xlfn.XLOOKUP(표7[[#This Row],[ABC]],L:L,N:N) -> 1.48 | I3: =ROUND(E3*SQRT(C3)*표7[[#This Row],[안전 계수]]*_xlfn.XLOOKUP(표7[[#This Row],[XYZ]],Q:Q,R:R),0) -> 237 | J3: 표준편차×√LT×안전계수x보정계수 | L3: B | M3: 0.9 | N3: 1.28 | O3: 10번 중 1번 품절 | Q3: Y | R3: 1
A4: ABC3 | C4: 30 | D4: =30/SUMIF('ABC-XYZ분석 (2)'!C:C,안전재고!A4,'ABC-XYZ분석 (2)'!X:X) -> 2.6470588 | E4: =IFERROR('ABC-XYZ분석 (2)'!AE4/30,0) -> 31.708022 | F4: =_xlfn.XLOOKUP(표7[[#This Row],[SKU 코드]],'ABC-XYZ분석 (2)'!C:C,'ABC-XYZ분석 (2)'!AC:AC) -> A | G4: =_xlfn.XLOOKUP(표7[[#This Row],[SKU 코드]],'ABC-XYZ분석 (2)'!C:C,'ABC-XYZ분석 (2)'!AG:AG) -> Z | H4: =_xlfn.XLOOKUP(표7[[#This Row],[ABC]],L:L,N:N) -> 1.48 | I4: =ROUND(E4*SQRT(C4)*표7[[#This Row],[안전 계수]]*_xlfn.XLOOKUP(표7[[#This Row],[XYZ]],Q:Q,R:R),0) -> 257 | J4: 표준편차×√LT×안전계수x보정계수 | M4: 0.91 | N4: 1.34 | Q4: Z | R4: 1
A5: ABC4 | C5: 30 | D5: =30/SUMIF('ABC-XYZ분석 (2)'!C:C,안전재고!A5,'ABC-XYZ분석 (2)'!X:X) -> 4.0909091 | E5: =IFERROR('ABC-XYZ분석 (2)'!AE5/30,0) -> 63.898717 | F5: =_xlfn.XLOOKUP(표7[[#This Row],[SKU 코드]],'ABC-XYZ분석 (2)'!C:C,'ABC-XYZ분석 (2)'!AC:AC) -> A | G5: =_xlfn.XLOOKUP(표7[[#This Row],[SKU 코드]],'ABC-XYZ분석 (2)'!C:C,'ABC-XYZ분석 (2)'!AG:AG) -> Z | H5: =_xlfn.XLOOKUP(표7[[#This Row],[ABC]],L:L,N:N) -> 1.48 | I5: =ROUND(E5*SQRT(C5)*표7[[#This Row],[안전 계수]]*_xlfn.XLOOKUP(표7[[#This Row],[XYZ]],Q:Q,R:R),0) -> 518 | J5: 표준편차×√LT×안전계수x보정계수 | M5: 0.92 | N5: 1.41
A6: ABC5 | C6: 30 | D6: =30/SUMIF('ABC-XYZ분석 (2)'!C:C,안전재고!A6,'ABC-XYZ분석 (2)'!X:X) -> 5.625 | E6: =IFERROR('ABC-XYZ분석 (2)'!AE6/30,0) -> 23.037038 | F6: =_xlfn.XLOOKUP(표7[[#This Row],[SKU 코드]],'ABC-XYZ분석 (2)'!C:C,'ABC-XYZ분석 (2)'!AC:AC) -> A | G6: =_xlfn.XLOOKUP(표7[[#This Row],[SKU 코드]],'ABC-XYZ분석 (2)'!C:C,'ABC-XYZ분석 (2)'!AG:AG) -> Z | H6: =_xlfn.XLOOKUP(표7[[#This Row],[ABC]],L:L,N:N) -> 1.48 | I6: =ROUND(E6*SQRT(C6)*표7[[#This Row],[안전 계수]]*_xlfn.XLOOKUP(표7[[#This Row],[XYZ]],Q:Q,R:R),0) -> 187 | J6: 표준편차×√LT×안전계수x보정계수 | L6: A | M6: 0.93 | N6: 1.48
A7: ABC6 | C7: 30 | D7: =30/SUMIF('ABC-XYZ분석 (2)'!C:C,안전재고!A7,'ABC-XYZ분석 (2)'!X:X) -> 6 | E7: =IFERROR('ABC-XYZ분석 (2)'!AE7/30,0) -> 94.120721 | F7: =_xlfn.XLOOKUP(표7[[#This Row],[SKU 코드]],'ABC-XYZ분석 (2)'!C:C,'ABC-XYZ분석 (2)'!AC:AC) -> A | G7: =_xlfn.XLOOKUP(표7[[#This Row],[SKU 코드]],'ABC-XYZ분석 (2)'!C:C,'ABC-XYZ분석 (2)'!AG:AG) -> Z | H7: =_xlfn.XLOOKUP(표7[[#This Row],[ABC]],L:L,N:N) -> 1.48 | I7: =ROUND(E7*SQRT(C7)*표7[[#This Row],[안전 계수]]*_xlfn.XLOOKUP(표7[[#This Row],[XYZ]],Q:Q,R:R),0) -> 763 | J7: 표준편차×√LT×안전계수x보정계수 | M7: 0.94 | N7: 1.55
A8: ABC7 | C8: 30 | D8: =30/SUMIF('ABC-XYZ분석 (2)'!C:C,안전재고!A8,'ABC-XYZ분석 (2)'!X:X) -> 5 | E8: =IFERROR('ABC-XYZ분석 (2)'!AE8/30,0) -> 77.822559 | F8: =_xlfn.XLOOKUP(표7[[#This Row],[SKU 코드]],'ABC-XYZ분석 (2)'!C:C,'ABC-XYZ분석 (2)'!AC:AC) -> A | G8: =_xlfn.XLOOKUP(표7[[#This Row],[SKU 코드]],'ABC-XYZ분석 (2)'!C:C,'ABC-XYZ분석 (2)'!AG:AG) -> Z | H8: =_xlfn.XLOOKUP(표7[[#This Row],[ABC]],L:L,N:N) -> 1.48 | I8: =ROUND(E8*SQRT(C8)*표7[[#This Row],[안전 계수]]*_xlfn.XLOOKUP(표7[[#This Row],[XYZ]],Q:Q,R:R),0) -> 631 | J8: 표준편차×√LT×안전계수x보정계수 | M8: 0.95 | N8: 1.65 | O8: 20번 중 1번 품절 -> 일반적으로 사용하지만 현재 과잉재고로 레벨 낮추기를 권장
A9: ABC8 | C9: 30 | D9: =30/SUMIF('ABC-XYZ분석 (2)'!C:C,안전재고!A9,'ABC-XYZ분석 (2)'!X:X) -> 0.02917342 | E9: =IFERROR('ABC-XYZ분석 (2)'!AE9/30,0) -> 9.150904 | F9: =_xlfn.XLOOKUP(표7[[#This Row],[SKU 코드]],'ABC-XYZ분석 (2)'!C:C,'ABC-XYZ분석 (2)'!AC:AC) -> A | G9: =_xlfn.XLOOKUP(표7[[#This Row],[SKU 코드]],'ABC-XYZ분석 (2)'!C:C,'ABC-XYZ분석 (2)'!AG:AG) -> X | H9: =_xlfn.XLOOKUP(표7[[#This Row],[ABC]],L:L,N:N) -> 1.48 | I9: =ROUND(E9*SQRT(C9)*표7[[#This Row],[안전 계수]]*_xlfn.XLOOKUP(표7[[#This Row],[XYZ]],Q:Q,R:R),0) -> 63 | J9: 표준편차×√LT×안전계수x보정계수 | M9: 0.96 | N9: 1.75
A10: ABC9 | C10: 30 | D10: =30/SUMIF('ABC-XYZ분석 (2)'!C:C,안전재고!A10,'ABC-XYZ분석 (2)'!X:X) -> 8.1818182 | E10: =IFERROR('ABC-XYZ분석 (2)'!AE10/30,0) -> 61.129813 | F10: =_xlfn.XLOOKUP(표7[[#This Row],[SKU 코드]],'ABC-XYZ분석 (2)'!C:C,'ABC-XYZ분석 (2)'!AC:AC) -> A | G10: =_xlfn.XLOOKUP(표7[[#This Row],[SKU 코드]],'ABC-XYZ분석 (2)'!C:C,'ABC-XYZ분석 (2)'!AG:AG) -> Z | H10: =_xlfn.XLOOKUP(표7[[#This Row],[ABC]],L:L,N:N) -> 1.48 | I10: =ROUND(E10*SQRT(C10)*표7[[#This Row],[안전 계수]]*_xlfn.XLOOKUP(표7[[#This Row],[XYZ]],Q:Q,R:R),0) -> 496 | J10: 표준편차×√LT×안전계수x보정계수 | M10: 0.97 | N10: 1.88
A11: ABC10 | C11: 30 | D11: =30/SUMIF('ABC-XYZ분석 (2)'!C:C,안전재고!A11,'ABC-XYZ분석 (2)'!X:X) -> 0.062370062 | E11: =IFERROR('ABC-XYZ분석 (2)'!AE11/30,0) -> 8.2160577 | F11: =_xlfn.XLOOKUP(표7[[#This Row],[SKU 코드]],'ABC-XYZ분석 (2)'!C:C,'ABC-XYZ분석 (2)'!AC:AC) -> A | G11: =_xlfn.XLOOKUP(표7[[#This Row],[SKU 코드]],'ABC-XYZ분석 (2)'!C:C,'ABC-XYZ분석 (2)'!AG:AG) -> X | H11: =_xlfn.XLOOKUP(표7[[#This Row],[ABC]],L:L,N:N) -> 1.48 | I11: =ROUND(E11*SQRT(C11)*표7[[#This Row],[안전 계수]]*_xlfn.XLOOKUP(표7[[#This Row],[XYZ]],Q:Q,R:R),0) -> 57 | J11: 표준편차×√LT×안전계수x보정계수 | M11: 0.975 | N11: 1.96
A12: ABC11 | C12: 30 | D12: =30/SUMIF('ABC-XYZ분석 (2)'!C:C,안전재고!A12,'ABC-XYZ분석 (2)'!X:X) -> 0.013895322 | E12: =IFERROR('ABC-XYZ분석 (2)'!AE12/30,0) -> 23.291969 | F12: =_xlfn.XLOOKUP(표7[[#This Row],[SKU 코드]],'ABC-XYZ분석 (2)'!C:C,'ABC-XYZ분석 (2)'!AC:AC) -> A | G12: =_xlfn.XLOOKUP(표7[[#This Row],[SKU 코드]],'ABC-XYZ분석 (2)'!C:C,'ABC-XYZ분석 (2)'!AG:AG) -> X | H12: =_xlfn.XLOOKUP(표7[[#This Row],[ABC]],L:L,N:N) -> 1.48 | I12: =ROUND(E12*SQRT(C12)*표7[[#This Row],[안전 계수]]*_xlfn.XLOOKUP(표7[[#This Row],[XYZ]],Q:Q,R:R),0) -> 160 | J12: 표준편차×√LT×안전계수x보정계수 | M12: 0.98 | N12: 2.05
A13: ABC12 | C13: 30 | D13: =30/SUMIF('ABC-XYZ분석 (2)'!C:C,안전재고!A13,'ABC-XYZ분석 (2)'!X:X) -> 0.053285968 | E13: =IFERROR('ABC-XYZ분석 (2)'!AE13/30,0) -> 7.2478663 | F13: =_xlfn.XLOOKUP(표7[[#This Row],[SKU 코드]],'ABC-XYZ분석 (2)'!C:C,'ABC-XYZ분석 (2)'!AC:AC) -> A | G13: =_xlfn.XLOOKUP(표7[[#This Row],[SKU 코드]],'ABC-XYZ분석 (2)'!C:C,'ABC-XYZ분석 (2)'!AG:AG) -> X | H13: =_xlfn.XLOOKUP(표7[[#This Row],[ABC]],L:L,N:N) -> 1.48 | I13: =ROUND(E13*SQRT(C13)*표7[[#This Row],[안전 계수]]*_xlfn.XLOOKUP(표7[[#This Row],[XYZ]],Q:Q,R:R),0) -> 50 | J13: 표준편차×√LT×안전계수x보정계수 | M13: 0.99 | N13: 2.33 | O13: 100번 중 1번 품절
A14: ABC13 | C14: 30 | D14: =30/SUMIF('ABC-XYZ분석 (2)'!C:C,안전재고!A14,'ABC-XYZ분석 (2)'!X:X) -> 0.38297872 | E14: =IFERROR('ABC-XYZ분석 (2)'!AE14/30,0) -> 91.580135 | F14: =_xlfn.XLOOKUP(표7[[#This Row],[SKU 코드]],'ABC-XYZ분석 (2)'!C:C,'ABC-XYZ분석 (2)'!AC:AC) -> A | G14: =_xlfn.XLOOKUP(표7[[#This Row],[SKU 코드]],'ABC-XYZ분석 (2)'!C:C,'ABC-XYZ분석 (2)'!AG:AG) -> Z | H14: =_xlfn.XLOOKUP(표7[[#This Row],[ABC]],L:L,N:N) -> 1.48 | I14: =ROUND(E14*SQRT(C14)*표7[[#This Row],[안전 계수]]*_xlfn.XLOOKUP(표7[[#This Row],[XYZ]],Q:Q,R:R),0) -> 742 | J14: 표준편차×√LT×안전계수x보정계수 | M14: 0.995 | N14: 2.58
A15: ABC14 | C15: 30 | D15: =30/SUMIF('ABC-XYZ분석 (2)'!C:C,안전재고!A15,'ABC-XYZ분석 (2)'!X:X) -> 0.053795577 | E15: =IFERROR('ABC-XYZ분석 (2)'!AE15/30,0) -> 5.7777644 | F15: =_xlfn.XLOOKUP(표7[[#This Row],[SKU 코드]],'ABC-XYZ분석 (2)'!C:C,'ABC-XYZ분석 (2)'!AC:AC) -> A | G15: =_xlfn.XLOOKUP(표7[[#This Row],[SKU 코드]],'ABC-XYZ분석 (2)'!C:C,'ABC-XYZ분석 (2)'!AG:AG) -> Y | H15: =_xlfn.XLOOKUP(표7[[#This Row],[ABC]],L:L,N:N) -> 1.48 | I15: =ROUND(E15*SQRT(C15)*표7[[#This Row],[안전 계수]]*_xlfn.XLOOKUP(표7[[#This Row],[XYZ]],Q:Q,R:R),0) -> 47 | J15: 표준편차×√LT×안전계수x보정계수 | M15: 0.999 | N15: 3.09 | O15: 1,000번 중 1번 품절
A16: ABC15 | C16: 30 | D16: =30/SUMIF('ABC-XYZ분석 (2)'!C:C,안전재고!A16,'ABC-XYZ분석 (2)'!X:X) -> 8.1818182 | E16: =IFERROR('ABC-XYZ분석 (2)'!AE16/30,0) -> 9.7205668 | F16: =_xlfn.XLOOKUP(표7[[#This Row],[SKU 코드]],'ABC-XYZ분석 (2)'!C:C,'ABC-XYZ분석 (2)'!AC:AC) -> A | G16: =_xlfn.XLOOKUP(표7[[#This Row],[SKU 코드]],'ABC-XYZ분석 (2)'!C:C,'ABC-XYZ분석 (2)'!AG:AG) -> Z | H16: =_xlfn.XLOOKUP(표7[[#This Row],[ABC]],L:L,N:N) -> 1.48 | I16: =ROUND(E16*SQRT(C16)*표7[[#This Row],[안전 계수]]*_xlfn.XLOOKUP(표7[[#This Row],[XYZ]],Q:Q,R:R),0) -> 79 | J16: 표준편차×√LT×안전계수x보정계수 | M16: 0.9999 | N16: 3.72 | O16: 매우 높은 서비스
A17: ABC16 | C17: 30 | D17: =30/SUMIF('ABC-XYZ분석 (2)'!C:C,안전재고!A17,'ABC-XYZ분석 (2)'!X:X) -> 0.10663507 | E17: =IFERROR('ABC-XYZ분석 (2)'!AE17/30,0) -> 5.5096121 | F17: =_xlfn.XLOOKUP(표7[[#This Row],[SKU 코드]],'ABC-XYZ분석 (2)'!C:C,'ABC-XYZ분석 (2)'!AC:AC) -> A | G17: =_xlfn.XLOOKUP(표7[[#This Row],[SKU 코드]],'ABC-XYZ분석 (2)'!C:C,'ABC-XYZ분석 (2)'!AG:AG) -> Y | H17: =_xlfn.XLOOKUP(표7[[#This Row],[ABC]],L:L,N:N) -> 1.48 | I17: =ROUND(E17*SQRT(C17)*표7[[#This Row],[안전 계수]]*_xlfn.XLOOKUP(표7[[#This Row],[XYZ]],Q:Q,R:R),0) -> 45 | J17: 표준편차×√LT×안전계수x보정계수 | M17: 서비스 레벨(Service Level)별 안전계수(Z-score)
A18: ABC17 | C18: 30 | D18: =30/SUMIF('ABC-XYZ분석 (2)'!C:C,안전재고!A18,'ABC-XYZ분석 (2)'!X:X) -> 0.69230769 | E18: =IFERROR('ABC-XYZ분석 (2)'!AE18/30,0) -> 2.4131392 | F18: =_xlfn.XLOOKUP(표7[[#This Row],[SKU 코드]],'ABC-XYZ분석 (2)'!C:C,'ABC-XYZ분석 (2)'!AC:AC) -> A | G18: =_xlfn.XLOOKUP(표7[[#This Row],[SKU 코드]],'ABC-XYZ분석 (2)'!C:C,'ABC-XYZ분석 (2)'!AG:AG) -> Y | H18: =_xlfn.XLOOKUP(표7[[#This Row],[ABC]],L:L,N:N) -> 1.48 | I18: =ROUND(E18*SQRT(C18)*표7[[#This Row],[안전 계수]]*_xlfn.XLOOKUP(표7[[#This Row],[XYZ]],Q:Q,R:R),0) -> 20 | J18: 표준편차×√LT×안전계수x보정계수
A19: ABC18 | C19: 30 | D19: =30/SUMIF('ABC-XYZ분석 (2)'!C:C,안전재고!A19,'ABC-XYZ분석 (2)'!X:X) -> 0.043352601 | E19: =IFERROR('ABC-XYZ분석 (2)'!AE19/30,0) -> 8.4867376 | F19: =_xlfn.XLOOKUP(표7[[#This Row],[SKU 코드]],'ABC-XYZ분석 (2)'!C:C,'ABC-XYZ분석 (2)'!AC:AC) -> A | G19: =_xlfn.XLOOKUP(표7[[#This Row],[SKU 코드]],'ABC-XYZ분석 (2)'!C:C,'ABC-XYZ분석 (2)'!AG:AG) -> Y | H19: =_xlfn.XLOOKUP(표7[[#This Row],[ABC]],L:L,N:N) -> 1.48 | I19: =ROUND(E19*SQRT(C19)*표7[[#This Row],[안전 계수]]*_xlfn.XLOOKUP(표7[[#This Row],[XYZ]],Q:Q,R:R),0) -> 69 | J19: 표준편차×√LT×안전계수x보정계수
A20: ABC19 | C20: 30 | D20: =30/SUMIF('ABC-XYZ분석 (2)'!C:C,안전재고!A20,'ABC-XYZ분석 (2)'!X:X) -> 0.13372957 | E20: =IFERROR('ABC-XYZ분석 (2)'!AE20/30,0) -> 3.4813114 | F20: =_xlfn.XLOOKUP(표7[[#This Row],[SKU 코드]],'ABC-XYZ분석 (2)'!C:C,'ABC-XYZ분석 (2)'!AC:AC) -> A | G20: =_xlfn.XLOOKUP(표7[[#This Row],[SKU 코드]],'ABC-XYZ분석 (2)'!C:C,'ABC-XYZ분석 (2)'!AG:AG) -> X | H20: =_xlfn.XLOOKUP(표7[[#This Row],[ABC]],L:L,N:N) -> 1.48 | I20: =ROUND(E20*SQRT(C20)*표7[[#This Row],[안전 계수]]*_xlfn.XLOOKUP(표7[[#This Row],[XYZ]],Q:Q,R:R),0) -> 24 | J20: 표준편차×√LT×안전계수x보정계수
A21: ABC20 | C21: 30 | D21: =30/SUMIF('ABC-XYZ분석 (2)'!C:C,안전재고!A21,'ABC-XYZ분석 (2)'!X:X) -> 0.10739857 | E21: =IFERROR('ABC-XYZ분석 (2)'!AE21/30,0) -> 5.9130505 | F21: =_xlfn.XLOOKUP(표7[[#This Row],[SKU 코드]],'ABC-XYZ분석 (2)'!C:C,'ABC-XYZ분석 (2)'!AC:AC) -> A | G21: =_xlfn.XLOOKUP(표7[[#This Row],[SKU 코드]],'ABC-XYZ분석 (2)'!C:C,'ABC-XYZ분석 (2)'!AG:AG) -> Y | H21: =_xlfn.XLOOKUP(표7[[#This Row],[ABC]],L:L,N:N) -> 1.48 | I21: =ROUND(E21*SQRT(C21)*표7[[#This Row],[안전 계수]]*_xlfn.XLOOKUP(표7[[#This Row],[XYZ]],Q:Q,R:R),0) -> 48 | J21: 표준편차×√LT×안전계수x보정계수
A22: ABC21 | C22: 30 | D22: =30/SUMIF('ABC-XYZ분석 (2)'!C:C,안전재고!A22,'ABC-XYZ분석 (2)'!X:X) -> 0.13931889 | E22: =IFERROR('ABC-XYZ분석 (2)'!AE22/30,0) -> 5.8573553 | F22: =_xlfn.XLOOKUP(표7[[#This Row],[SKU 코드]],'ABC-XYZ분석 (2)'!C:C,'ABC-XYZ분석 (2)'!AC:AC) -> A | G22: =_xlfn.XLOOKUP(표7[[#This Row],[SKU 코드]],'ABC-XYZ분석 (2)'!C:C,'ABC-XYZ분석 (2)'!AG:AG) -> Y | H22: =_xlfn.XLOOKUP(표7[[#This Row],[ABC]],L:L,N:N) -> 1.48 | I22: =ROUND(E22*SQRT(C22)*표7[[#This Row],[안전 계수]]*_xlfn.XLOOKUP(표7[[#This Row],[XYZ]],Q:Q,R:R),0) -> 47 | J22: 표준편차×√LT×안전계수x보정계수
A23: ABC22 | C23: 30 | D23: =30/SUMIF('ABC-XYZ분석 (2)'!C:C,안전재고!A23,'ABC-XYZ분석 (2)'!X:X) -> 0.59210526 | E23: =IFERROR('ABC-XYZ분석 (2)'!AE23/30,0) -> 43.141893 | F23: =_xlfn.XLOOKUP(표7[[#This Row],[SKU 코드]],'ABC-XYZ분석 (2)'!C:C,'ABC-XYZ분석 (2)'!AC:AC) -> A | G23: =_xlfn.XLOOKUP(표7[[#This Row],[SKU 코드]],'ABC-XYZ분석 (2)'!C:C,'ABC-XYZ분석 (2)'!AG:AG) -> Z | H23: =_xlfn.XLOOKUP(표7[[#This Row],[ABC]],L:L,N:N) -> 1.48 | I23: =ROUND(E23*SQRT(C23)*표7[[#This Row],[안전 계수]]*_xlfn.XLOOKUP(표7[[#This Row],[XYZ]],Q:Q,R:R),0) -> 350 | J23: 표준편차×√LT×안전계수x보정계수
A24: ABC23 | C24: 30 | D24: =30/SUMIF('ABC-XYZ분석 (2)'!C:C,안전재고!A24,'ABC-XYZ분석 (2)'!X:X) -> 0.085066163 | E24: =IFERROR('ABC-XYZ분석 (2)'!AE24/30,0) -> 3.7337012 | F24: =_xlfn.XLOOKUP(표7[[#This Row],[SKU 코드]],'ABC-XYZ분석 (2)'!C:C,'ABC-XYZ분석 (2)'!AC:AC) -> A | G24: =_xlfn.XLOOKUP(표7[[#This Row],[SKU 코드]],'ABC-XYZ분석 (2)'!C:C,'ABC-XYZ분석 (2)'!AG:AG) -> X | H24: =_xlfn.XLOOKUP(표7[[#This Row],[ABC]],L:L,N:N) -> 1.48 | I24: =ROUND(E24*SQRT(C24)*표7[[#This Row],[안전 계수]]*_xlfn.XLOOKUP(표7[[#This Row],[XYZ]],Q:Q,R:R),0) -> 26 | J24: 표준편차×√LT×안전계수x보정계수
A25: ABC24 | C25: 30 | D25: =30/SUMIF('ABC-XYZ분석 (2)'!C:C,안전재고!A25,'ABC-XYZ분석 (2)'!X:X) -> 3.9130435 | E25: =IFERROR('ABC-XYZ분석 (2)'!AE25/30,0) -> 7.3149228 | F25: =_xlfn.XLOOKUP(표7[[#This Row],[SKU 코드]],'ABC-XYZ분석 (2)'!C:C,'ABC-XYZ분석 (2)'!AC:AC) -> A | G25: =_xlfn.XLOOKUP(표7[[#This Row],[SKU 코드]],'ABC-XYZ분석 (2)'!C:C,'ABC-XYZ분석 (2)'!AG:AG) -> Y | H25: =_xlfn.XLOOKUP(표7[[#This Row],[ABC]],L:L,N:N) -> 1.48 | I25: =ROUND(E25*SQRT(C25)*표7[[#This Row],[안전 계수]]*_xlfn.XLOOKUP(표7[[#This Row],[XYZ]],Q:Q,R:R),0) -> 59 | J25: 표준편차×√LT×안전계수x보정계수
A26: ABC25 | C26: 30 | D26: =30/SUMIF('ABC-XYZ분석 (2)'!C:C,안전재고!A26,'ABC-XYZ분석 (2)'!X:X) -> 0.14516129 | E26: =IFERROR('ABC-XYZ분석 (2)'!AE26/30,0) -> 4.8644869 | F26: =_xlfn.XLOOKUP(표7[[#This Row],[SKU 코드]],'ABC-XYZ분석 (2)'!C:C,'ABC-XYZ분석 (2)'!AC:AC) -> A | G26: =_xlfn.XLOOKUP(표7[[#This Row],[SKU 코드]],'ABC-XYZ분석 (2)'!C:C,'ABC-XYZ분석 (2)'!AG:AG) -> Y | H26: =_xlfn.XLOOKUP(표7[[#This Row],[ABC]],L:L,N:N) -> 1.48 | I26: =ROUND(E26*SQRT(C26)*표7[[#This Row],[안전 계수]]*_xlfn.XLOOKUP(표7[[#This Row],[XYZ]],Q:Q,R:R),0) -> 39 | J26: 표준편차×√LT×안전계수x보정계수
A27: ABC26 | C27: 30 | D27: =30/SUMIF('ABC-XYZ분석 (2)'!C:C,안전재고!A27,'ABC-XYZ분석 (2)'!X:X) -> 0.11152416 | E27: =IFERROR('ABC-XYZ분석 (2)'!AE27/30,0) -> 4.8066858 | F27: =_xlfn.XLOOKUP(표7[[#This Row],[SKU 코드]],'ABC-XYZ분석 (2)'!C:C,'ABC-XYZ분석 (2)'!AC:AC) -> A | G27: =_xlfn.XLOOKUP(표7[[#This Row],[SKU 코드]],'ABC-XYZ분석 (2)'!C:C,'ABC-XYZ분석 (2)'!AG:AG) -> Y | H27: =_xlfn.XLOOKUP(표7[[#This Row],[ABC]],L:L,N:N) -> 1.48 | I27: =ROUND(E27*SQRT(C27)*표7[[#This Row],[안전 계수]]*_xlfn.XLOOKUP(표7[[#This Row],[XYZ]],Q:Q,R:R),0) -> 39 | J27: 표준편차×√LT×안전계수x보정계수
A28: ABC27 | C28: 30 | D28: =30/SUMIF('ABC-XYZ분석 (2)'!C:C,안전재고!A28,'ABC-XYZ분석 (2)'!X:X) -> 9 | E28: =IFERROR('ABC-XYZ분석 (2)'!AE28/30,0) -> 21.983095 | F28: =_xlfn.XLOOKUP(표7[[#This Row],[SKU 코드]],'ABC-XYZ분석 (2)'!C:C,'ABC-XYZ분석 (2)'!AC:AC) -> A | G28: =_xlfn.XLOOKUP(표7[[#This Row],[SKU 코드]],'ABC-XYZ분석 (2)'!C:C,'ABC-XYZ분석 (2)'!AG:AG) -> Z | H28: =_xlfn.XLOOKUP(표7[[#This Row],[ABC]],L:L,N:N) -> 1.48 | I28: =ROUND(E28*SQRT(C28)*표7[[#This Row],[안전 계수]]*_xlfn.XLOOKUP(표7[[#This Row],[XYZ]],Q:Q,R:R),0) -> 178 | J28: 표준편차×√LT×안전계수x보정계수
A29: ABC28 | C29: 30 | D29: =30/SUMIF('ABC-XYZ분석 (2)'!C:C,안전재고!A29,'ABC-XYZ분석 (2)'!X:X) -> 0.15280136 | E29: =IFERROR('ABC-XYZ분석 (2)'!AE29/30,0) -> 3.2859444 | F29: =_xlfn.XLOOKUP(표7[[#This Row],[SKU 코드]],'ABC-XYZ분석 (2)'!C:C,'ABC-XYZ분석 (2)'!AC:AC) -> A | G29: =_xlfn.XLOOKUP(표7[[#This Row],[SKU 코드]],'ABC-XYZ분석 (2)'!C:C,'ABC-XYZ분석 (2)'!AG:AG) -> Y | H29: =_xlfn.XLOOKUP(표7[[#This Row],[ABC]],L:L,N:N) -> 1.48 | I29: =ROUND(E29*SQRT(C29)*표7[[#This Row],[안전 계수]]*_xlfn.XLOOKUP(표7[[#This Row],[XYZ]],Q:Q,R:R),0) -> 27 | J29: 표준편차×√LT×안전계수x보정계수
... A100: ABC99 | C100: 30 | D100: =30/SUMIF('ABC-XYZ분석 (2)'!C:C,안전재고!A100,'ABC-XYZ분석 (2)'!X:X) -> 0.88235294 | E100: =IFERROR('ABC-XYZ분석 (2)'!AE100/30,0) -> 1.296895 | F100: =_xlfn.XLOOKUP(표7[[#This Row],[SKU 코드]],'ABC-XYZ분석 (2)'!C:C,'ABC-XYZ분석 (2)'!AC:AC) -> C | G100: =_xlfn.XLOOKUP(표7[[#This Row],[SKU 코드]],'ABC-XYZ분석 (2)'!C:C,'ABC-XYZ분석 (2)'!AG:AG) -> Y | H100: =_xlfn.XLOOKUP(표7[[#This Row],[ABC]],L:L,N:N) -> 1.04 | I100: =ROUND(E100*SQRT(C100)*표7[[#This Row],[안전 계수]]*_xlfn.XLOOKUP(표7[[#This Row],[XYZ]],Q:Q,R:R),0) -> 7 | J100: 표준편차×√LT×안전계수x보정계수

Sheet ABC-XYZ분석 (2)
A1: # | B1: 현황 | C1: SKU# | D1: 사방넷# | E1: 바코드 | F1: 최종 상품명 | G1: 상품명 | H1: 구분 | I1: 계절 | J1: 25년 1월 | K1: 25년 2월 | L1: 25년 3월 | M1: 25년 4월 | N1: 25년 5월 | O1: 25년 6월 | P1: 25년 7월 | Q1: 25년 8월 | R1: 25년 9월 | S1: 25년 10월 | T1: 25년 11월 | U1: 25년 12월 | V1: 매입 원가 | W1: 25년 연간 판매수량 | X1: 최근3개월 월 출고평균량 | Y1: 10~12월 출고원가 | Z1: 25년 연간 출고원가 | AA1: 출고원가 비중(%) | AB1: 25년 출고원가 누적(%) | AC1: ABC 등급 | AD1: 25년 월평균 판매수량 | AE1: 표준 편차 | AF1: 변동계수 (CV) | AG1: XYZ 등급 | AH1: ABC-XYZ 등급 | AI1: 전년 대비 성장률 (1월발주/3월입고) | AJ1: 발주여부 | AK1: 재고전략 | AL1: 등급 | AM1: SKU | AN1: SKU 비중 | AO1: 연간매출 | AP1: 매출 비중 | AQ1: 누적매출 | AS1: 등급 | AT1: SKU | AU1: SKU | AV1: 매출비중 | AW1: 누적매출 | AY1: 정상 상황일시 (장기재고 낮고, 창고공간 충분할시)
A2: 1 | B2: 신재품 | C2: ABC1 | I2: 여름 | J2: 0 | K2: 0 | L2: 0 | M2: 265 | N2: 873 | O2: 2183 | P2: 913 | Q2: 138 | R2: 25 | S2: 8 | T2: 8 | U2: 2 | V2: 47046 | W2: =SUM(J2:U2) -> 4415 | X2: =AVERAGE(S2:U2) -> 6 | Y2: =(S2+T2+U2)*V2 -> 846828 | Z2: =W2*V2 -> 207708090 | AA2: =Z2/SUM($Z$2:$Z$100) -> 0.039875171 | AB2: =SUM($AA$2:AA2) -> 0.039875171 | AC2: =IF(AB2<=70%,"A",IF(AB2<=90%,"B","C")) -> A | AD2: =AVERAGE(M2:S2) -> 629.28571 | AE2: =_xlfn.STDEV.S(M2:S2) -> 783.06464 | AF2: =IF(AD2=0,0,AE2/AD2) -> 1.2443706 | AG2: =IF(AF2<0.5,"X",IF(AF2<=1,"Y","Z")) -> Z | AH2: =AC2&AG2 -> AZ | AI2: =IF(AH2="CZ",0%,IF(AH2="BZ",0%,IF(AH2="CY",5%,IF(I2="사계절",10%,IF(I2="봄",20%,IF(I2="여름",0%,IF(I2="가을",0%,IF(I2="겨울",0%,10%)))))))) -> 0 | AJ2: =IF(AI2=0,"발주안함","발주") -> 발주안함 | AK2: =IF(AC2="A",IF(AG2="X","AX - 중간재고+월1회(LCL)",IF(AG2="Y","AY - 낮은재고+격주1회","AZ - 중단")),IF(AC2="B",IF(AG2="X","BX - 낮은재고+격월1회",IF(AG2="Y","BY - 최소재고+분기1회","BZ - 중단")),IF(AG2="X","CX - 중단(재고소진만)",IF(AG2="Y","CY - 중단(재고소진만)","CZ - 즉시단종")))) -> AZ - 중단 | AL2: A | AM2: =COUNTIF(AC:AC,$AL2) -> 40 | AN2: =AM2/$AM$5 -> #DIV/0! | AO2: =SUMIF(AC:AC,AL2,Z:Z) -> 3613975109 | AP2: =AO2/$AO$5 -> #DIV/0! | AQ2: =SUM($AO$2:AO2) -> 3613975109 | AS2: A | AT2: =AU2/(SUM($AU$2:$AU$4)) -> 0.4040404 | AU2: =COUNTIF(AC:AC,AS2) -> 40 | AV2: =SUMIF(AC:AC,AS2,Z:Z)/SUM($Z$2:$Z$100) -> 0.69380001 | AW2: 0~70% | AY2: 등급 | AZ2: SKU | BA2: SKU 비중 | BB2: 연간 매출 | BC2: 매출 비중 | BD2: 중요도 | BE2: 수요 특성 | BF2: 발주주기 | BG2: 1회 발주량 | BH2: 안전재고 | BI2: 목표재고 | BJ2: 1회 발주량 | BK2: 핵심 로직
A3: 3 | B3: 신재품 | C3: ABC2 | I3: 여름 | J3: 0 | K3: 0 | L3: 0 | M3: 268 | N3: 1023 | O3: 2417 | P3: 1106 | Q3: 157 | R3: 30 | S3: 6 | T3: 6 | U3: 7 | V3: 34731 | W3: =SUM(J3:U3) -> 5020 | X3: =AVERAGE(S3:U3) -> 6.3333333 | Y3: =(S3+T3+U3)*V3 -> 659889 | Z3: =W3*V3 -> 174349620 | AA3: =Z3/SUM($Z$2:$Z$100) -> 0.033471113 | AB3: =SUM($AA$2:AA3) -> 0.073346283 | AC3: =IF(AB3<=70%,"A",IF(AB3<=90%,"B","C")) -> A | AD3: =AVERAGE(M3:S3) -> 715.28571 | AE3: =_xlfn.STDEV.S(M3:S3) -> 878.2205 | AF3: =IF(AD3=0,0,AE3/AD3) -> 1.2277898 | AG3: =IF(AF3<0.5,"X",IF(AF3<=1,"Y","Z")) -> Z | AH3: =AC3&AG3 -> AZ | AI3: =IF(AH3="CZ",0%,IF(AH3="BZ",0%,IF(AH3="CY",5%,IF(I3="사계절",10%,IF(I3="봄",20%,IF(I3="여름",0%,IF(I3="가을",0%,IF(I3="겨울",0%,10%)))))))) -> 0 | AJ3: =IF(AI3=0,"발주안함","발주") -> 발주안함 | AK3: =IF(AC3="A",IF(AG3="X","AX - 중간재고+월1회(LCL)",IF(AG3="Y","AY - 낮은재고+격주1회","AZ - 중단")),IF(AC3="B",IF(AG3="X","BX - 낮은재고+격월1회",IF(AG3="Y","BY - 최소재고+분기1회","BZ - 중단")),IF(AG3="X","CX - 중단(재고소진만)",IF(AG3="Y","CY - 중단(재고소진만)","CZ - 즉시단종")))) -> AZ - 중단 | AL3: C | AM3: =COUNTIF(AC:AC,$AL3) -> 28 | AN3: =AM3/$AM$5 -> #DIV/0! | AO3: =SUMIF(AC:AC,AL3,Z:Z) -> 521010558 | AP3: =AO3/$AO$5 -> #DIV/0! | AQ3: =SUM($AO$2:AO3) -> 4134985667 | AS3: B | AT3: =AU3/(SUM($AU$2:$AU$4)) -> 0.31313131 | AU3: =COUNTIF(AC:AC,AS3) -> 31 | AV3: =SUMIF(AC:AC,AS3,Z:Z)/SUM($Z$2:$Z$100) -> 0.20617796 | AW3: 70~90% | AY3: AX | AZ3: =COUNTIF(AH:AH,AY3) -> 10 | BA3: =AZ3/$AZ$12 -> 0.1010101 | BB3: =SUMIF(AH:AH,AY3,Z:Z) -> 859513133 | BC3: =BB3/$BB$12 -> 0.16500673 | BD3: 매우 높음 | BE3: 매우 안정 | BF3: 매월 필수 | BG3: 1.0~1.2개월 | BH3: 0.3~0.5 | BI3: 1.3~1.7개월 | BJ3: 1.2~1.5개월치 | BK3: 결품=치명 | BL3: =BI3&"+"&BK3 -> 1.3~1.7개월+결품=치명
A4: 2 | B4: 신재품 | C4: ABC3 | I4: 여름 | J4: 0 | K4: 0 | L4: 0 | M4: 299 | N4: 1082 | O4: 2687 | P4: 1164 | Q4: 307 | R4: 61 | S4: 15 | T4: 6 | U4: 13 | V4: 29637 | W4: =SUM(J4:U4) -> 5634 | X4: =AVERAGE(S4:U4) -> 11.333333 | Y4: =(S4+T4+U4)*V4 -> 1007658 | Z4: =W4*V4 -> 166974858 | AA4: =Z4/SUM($Z$2:$Z$100) -> 0.032055328 | AB4: =SUM($AA$2:AA4) -> 0.10540161 | AC4: =IF(AB4<=70%,"A",IF(AB4<=90%,"B","C")) -> A | AD4: =AVERAGE(M4:S4) -> 802.14286 | AE4: =_xlfn.STDEV.S(M4:S4) -> 951.24067 | AF4: =IF(AD4=0,0,AE4/AD4) -> 1.1858744 | AG4: =IF(AF4<0.5,"X",IF(AF4<=1,"Y","Z")) -> Z | AH4: =AC4&AG4 -> AZ | AI4: =IF(AH4="CZ",0%,IF(AH4="BZ",0%,IF(AH4="CY",5%,IF(I4="사계절",10%,IF(I4="봄",20%,IF(I4="여름",0%,IF(I4="가을",0%,IF(I4="겨울",0%,10%)))))))) -> 0 | AJ4: =IF(AI4=0,"발주안함","발주") -> 발주안함 | AK4: =IF(AC4="A",IF(AG4="X","AX - 중간재고+월1회(LCL)",IF(AG4="Y","AY - 낮은재고+격주1회","AZ - 중단")),IF(AC4="B",IF(AG4="X","BX - 낮은재고+격월1회",IF(AG4="Y","BY - 최소재고+분기1회","BZ - 중단")),IF(AG4="X","CX - 중단(재고소진만)",IF(AG4="Y","CY - 중단(재고소진만)","CZ - 즉시단종")))) -> AZ - 중단 | AL4: B | AM4: =COUNTIF(AC:AC,$AL4) -> 31 | AN4: =AM4/$AM$5 -> #DIV/0! | AO4: =SUMIF(AC:AC,AL4,Z:Z) -> 1073972345 | AP4: =AO4/$AO$5 -> #DIV/0! | AQ4: =SUM($AO$2:AO4) -> 5208958012 | AS4: C | AT4: =AU4/(SUM($AU$2:$AU$4)) -> 0.28282828 | AU4: =COUNTIF(AC:AC,AS4) -> 28 | AV4: =SUMIF(AC:AC,AS4,Z:Z)/SUM($Z$2:$Z$100) -> 0.10002203 | AW4: 90~100% | AY4: AY | AZ4: =COUNTIF(AH:AH,AY4) -> 16 | BA4: =AZ4/$AZ$12 -> 0.16161616 | BB4: =SUMIF(AH:AH,AY4,Z:Z) -> 1048651851 | BC4: =BB4/$BB$12 -> 0.20131701 | BD4: 매우 높음 | BE4: 중간 변동 | BF4: 매월/격월 | BG4: 1.2~1.5개월 | BH4: 0.5~0.8 | BI4: 1.7~2.3개월 | BJ4: 1.5~2개월치 | BK4: 시즌 가중 | BL4: =BI4&"+"&BK4 -> 1.7~2.3개월+시즌 가중
A5: 7 | B5: 신재품 | C5: ABC4 | I5: 여름 | J5: 0 | K5: 0 | L5: 0 | M5: 249 | N5: 846 | O5: 5379 | P5: 1250 | Q5: 282 | R5: 56 | S5: 10 | T5: 4 | U5: 8 | V5: 18313 | W5: =SUM(J5:U5) -> 8084 | X5: =AVERAGE(S5:U5) -> 7.3333333 | Y5: =(S5+T5+U5)*V5 -> 402886 | Z5: =W5*V5 -> 148042292 | AA5: =Z5/SUM($Z$2:$Z$100) -> 0.028420711 | AB5: =SUM($AA$2:AA5) -> 0.13382232 | AC5: =IF(AB5<=70%,"A",IF(AB5<=90%,"B","C")) -> A | AD5: =AVERAGE(M5:S5) -> 1153.1429 | AE5: =_xlfn.STDEV.S(M5:S5) -> 1916.9615 | AF5: =IF(AD5=0,0,AE5/AD5) -> 1.6623799 | AG5: =IF(AF5<0.5,"X",IF(AF5<=1,"Y","Z")) -> Z | AH5: =AC5&AG5 -> AZ | AI5: =IF(AH5="CZ",0%,IF(AH5="BZ",0%,IF(AH5="CY",5%,IF(I5="사계절",10%,IF(I5="봄",20%,IF(I5="여름",0%,IF(I5="가을",0%,IF(I5="겨울",0%,10%)))))))) -> 0 | AJ5: =IF(AI5=0,"발주안함","발주") -> 발주안함 | AK5: =IF(AC5="A",IF(AG5="X","AX - 중간재고+월1회(LCL)",IF(AG5="Y","AY - 낮은재고+격주1회","AZ - 중단")),IF(AC5="B",IF(AG5="X","BX - 낮은재고+격월1회",IF(AG5="Y","BY - 최소재고+분기1회","BZ - 중단")),IF(AG5="X","CX - 중단(재고소진만)",IF(AG5="Y","CY - 중단(재고소진만)","CZ - 즉시단종")))) -> AZ - 중단 | AY5: AZ | AZ5: =COUNTIF(AH:AH,AY5) -> 14 | BA5: =AZ5/$AZ$12 -> 0.14141414 | BB5: =SUMIF(AH:AH,AY5,Z:Z) -> 1705810125 | BC5: =BB5/$BB$12 -> 0.32747627 | BD5: 매우 높음 | BE5: 불안정 | BF5: 필요월만 | BG5: 1~2개월 | BH5: 1 | BI5: 2.0~3.0개월 | BJ5: 2~3개월치 | BK5: 기획 반영 | BL5: =BI5&"+"&BK5 -> 2.0~3.0개월+기획 반영
A6: 8 | B6: 신재품 | C6: ABC5 | I6: 여름 | J6: 0 | K6: 0 | L6: 0 | M6: 264 | N6: 835 | O6: 1950 | P6: 818 | Q6: 204 | R6: 33 | S6: 8 | T6: 5 | U6: 3 | V6: 35416 | W6: =SUM(J6:U6) -> 4120 | X6: =AVERAGE(S6:U6) -> 5.3333333 | Y6: =(S6+T6+U6)*V6 -> 566656 | Z6: =W6*V6 -> 145913920 | AA6: =Z6/SUM($Z$2:$Z$100) -> 0.028012113 | AB6: =SUM($AA$2:AA6) -> 0.16183444 | AC6: =IF(AB6<=70%,"A",IF(AB6<=90%,"B","C")) -> A | AD6: =AVERAGE(M6:S6) -> 587.42857 | AE6: =_xlfn.STDEV.S(M6:S6) -> 691.11115 | AF6: =IF(AD6=0,0,AE6/AD6) -> 1.1765024 | AG6: =IF(AF6<0.5,"X",IF(AF6<=1,"Y","Z")) -> Z | AH6: =AC6&AG6 -> AZ | AI6: =IF(AH6="CZ",0%,IF(AH6="BZ",0%,IF(AH6="CY",5%,IF(I6="사계절",10%,IF(I6="봄",20%,IF(I6="여름",0%,IF(I6="가을",0%,IF(I6="겨울",0%,10%)))))))) -> 0 | AJ6: =IF(AI6=0,"발주안함","발주") -> 발주안함 | AK6: =IF(AC6="A",IF(AG6="X","AX - 중간재고+월1회(LCL)",IF(AG6="Y","AY - 낮은재고+격주1회","AZ - 중단")),IF(AC6="B",IF(AG6="X","BX - 낮은재고+격월1회",IF(AG6="Y","BY - 최소재고+분기1회","BZ - 중단")),IF(AG6="X","CX - 중단(재고소진만)",IF(AG6="Y","CY - 중단(재고소진만)","CZ - 즉시단종")))) -> AZ - 중단 | AS6: XYZ변동성 기준 | AY6: BX | AZ6: =COUNTIF(AH:AH,AY6) -> 6 | BA6: =AZ6/$AZ$12 -> 0.060606061 | BB6: =SUMIF(AH:AH,AY6,Z:Z) -> 222637356 | BC6: =BB6/$BB$12 -> 0.042741246 | BD6: 중간 | BE6: 안정 | BF6: 매월 | BG6: 1.0개월 | BH6: 0.3 | BI6: 1.3개월 | BJ6: 1~1.3개월치 | BK6: 자동 계산 | BL6: =BI6&"+"&BK6 -> 1.3개월+자동 계산
A7: 6 | B7: 신재품 | C7: ABC6 | I7: 여름 | J7: 0 | K7: 0 | L7: 0 | M7: 256 | N7: 1114 | O7: 7793 | P7: 929 | Q7: 155 | R7: 26 | S7: 4 | T7: 6 | U7: 5 | V7: 14046 | W7: =SUM(J7:U7) -> 10288 | X7: =AVERAGE(S7:U7) -> 5 | Y7: =(S7+T7+U7)*V7 -> 210690 | Z7: =W7*V7 -> 144505248 | AA7: =Z7/SUM($Z$2:$Z$100) -> 0.02774168 | AB7: =SUM($AA$2:AA7) -> 0.18957612 | AC7: =IF(AB7<=70%,"A",IF(AB7<=90%,"B","C")) -> A | AD7: =AVERAGE(M7:S7) -> 1468.1429 | AE7: =_xlfn.STDEV.S(M7:S7) -> 2823.6216 | AF7: =IF(AD7=0,0,AE7/AD7) -> 1.9232608 | AG7: =IF(AF7<0.5,"X",IF(AF7<=1,"Y","Z")) -> Z | AH7: =AC7&AG7 -> AZ | AI7: =IF(AH7="CZ",0%,IF(AH7="BZ",0%,IF(AH7="CY",5%,IF(I7="사계절",10%,IF(I7="봄",20%,IF(I7="여름",0%,IF(I7="가을",0%,IF(I7="겨울",0%,10%)))))))) -> 0 | AJ7: =IF(AI7=0,"발주안함","발주") -> 발주안함 | AK7: =IF(AC7="A",IF(AG7="X","AX - 중간재고+월1회(LCL)",IF(AG7="Y","AY - 낮은재고+격주1회","AZ - 중단")),IF(AC7="B",IF(AG7="X","BX - 낮은재고+격월1회",IF(AG7="Y","BY - 최소재고+분기1회","BZ - 중단")),IF(AG7="X","CX - 중단(재고소진만)",IF(AG7="Y","CY - 중단(재고소진만)","CZ - 즉시단종")))) -> AZ - 중단 | AS7: X | AT7: 수요 변동 적음 | AU7: <0.5 | AY7: BY | AZ7: =COUNTIF(AH:AH,AY7) -> 16 | BA7: =AZ7/$AZ$12 -> 0.16161616 | BB7: =SUMIF(AH:AH,AY7,Z:Z) -> 560144125 | BC7: =BB7/$BB$12 -> 0.10753477 | BD7: 중간 | BE7: 중간 변동 | BF7: 격월 | BG7: 1.5개월 | BH7: 0.5 | BI7: 2.0개월 | BJ7: 1.5~2개월치 | BK7: 추세 확인 | BL7: =BI7&"+"&BK7 -> 2.0개월+추세 확인
A8: 9 | B8: 신재품 | C8: ABC7 | I8: 여름 | J8: 0 | K8: 0 | L8: 0 | M8: 319 | N8: 1023 | O8: 6529 | P8: 1253 | Q8: 249 | R8: 48 | S8: 10 | T8: 3 | U8: 5 | V8: 14434 | W8: =SUM(J8:U8) -> 9439 | X8: =AVERAGE(S8:U8) -> 6 | Y8: =(S8+T8+U8)*V8 -> 259812 | Z8: =W8*V8 -> 136242526 | AA8: =Z8/SUM($Z$2:$Z$100) -> 0.026155428 | AB8: =SUM($AA$2:AA8) -> 0.21573154 | AC8: =IF(AB8<=70%,"A",IF(AB8<=90%,"B","C")) -> A | AD8: =AVERAGE(M8:S8) -> 1347.2857 | AE8: =_xlfn.STDEV.S(M8:S8) -> 2334.6768 | AF8: =IF(AD8=0,0,AE8/AD8) -> 1.7328743 | AG8: =IF(AF8<0.5,"X",IF(AF8<=1,"Y","Z")) -> Z | AH8: =AC8&AG8 -> AZ | AI8: =IF(AH8="CZ",0%,IF(AH8="BZ",0%,IF(AH8="CY",5%,IF(I8="사계절",10%,IF(I8="봄",20%,IF(I8="여름",0%,IF(I8="가을",0%,IF(I8="겨울",0%,10%)))))))) -> 0 | AJ8: =IF(AI8=0,"발주안함","발주") -> 발주안함 | AK8: =IF(AC8="A",IF(AG8="X","AX - 중간재고+월1회(LCL)",IF(AG8="Y","AY - 낮은재고+격주1회","AZ - 중단")),IF(AC8="B",IF(AG8="X","BX - 낮은재고+격월1회",IF(AG8="Y","BY - 최소재고+분기1회","BZ - 중단")),IF(AG8="X","CX - 중단(재고소진만)",IF(AG8="Y","CY - 중단(재고소진만)","CZ - 즉시단종")))) -> AZ - 중단 | AS8: Y | AT8: 계절성/변동있음 | AU8: <=1 | AY8: BZ | AZ8: =COUNTIF(AH:AH,AY8) -> 9 | BA8: =AZ8/$AZ$12 -> 0.090909091 | BB8: =SUMIF(AH:AH,AY8,Z:Z) -> 291190864 | BC8: =BB8/$BB$12 -> 0.055901941 | BD8: 중간 | BE8: 불안정 | BF8: 필요시 | BG8: 최소 | BH8: 0.8~1.0 | BI8: 2.0~2.5개월 | BJ8: 2~3개월치 | BK8: 과잉 금지 | BL8: =BI8&"+"&BK8 -> 2.0~2.5개월+과잉 금지
A9: 5 | B9: 신재품 | C9: ABC8 | I9: 사계절 | J9: 991 | K9: 1364 | L9: 1158 | M9: 1076 | N9: 885 | O9: 863 | P9: 571 | Q9: 438 | R9: 619 | S9: 770 | T9: 1022 | U9: 1293 | V9: 12300 | W9: =SUM(J9:U9) -> 11050 | X9: =AVERAGE(S9:U9) -> 1028.3333 | Y9: =(S9+T9+U9)*V9 -> 37945500 | Z9: =W9*V9 -> 135915000 | AA9: =Z9/SUM($Z$2:$Z$100) -> 0.026092551 | AB9: =SUM($AA$2:AA9) -> 0.24182409 | AC9: =IF(AB9<=70%,"A",IF(AB9<=90%,"B","C")) -> A | AD9: =AVERAGE(J9:U9) -> 920.83333 | AE9: =_xlfn.STDEV.P(J9:U9) -> 274.52712 | AF9: =IF(AD9=0,0,AE9/AD9) -> 0.298129 | AG9: =IF(AF9<0.5,"X",IF(AF9<=1,"Y","Z")) -> X | AH9: =AC9&AG9 -> AX | AI9: =IF(AH9="CZ",0%,IF(AH9="BZ",0%,IF(AH9="CY",5%,IF(I9="사계절",10%,IF(I9="봄",20%,IF(I9="여름",0%,IF(I9="가을",0%,IF(I9="겨울",0%,10%)))))))) -> 0.1 | AJ9: =IF(AI9=0,"발주안함","발주") -> 발주 | AK9: =IF(AC9="A",IF(AG9="X","AX - 중간재고+월1회(LCL)",IF(AG9="Y","AY - 낮은재고+격주1회","AZ - 중단")),IF(AC9="B",IF(AG9="X","BX - 낮은재고+격월1회",IF(AG9="Y","BY - 최소재고+분기1회","BZ - 중단")),IF(AG9="X","CX - 중단(재고소진만)",IF(AG9="Y","CY - 중단(재고소진만)","CZ - 즉시단종")))) -> AX - 중간재고+월1회(LCL) | AS9: Z | AT9: 예측 어려움 | AU9: >1 | AY9: CX | AZ9: =COUNTIF(AH:AH,AY9) -> 3 | BA9: =AZ9/$AZ$12 -> 0.03030303 | BB9: =SUMIF(AH:AH,AY9,Z:Z) -> 58022436 | BC9: =BB9/$BB$12 -> 0.011138972 | BD9: 낮음 | BE9: 안정 | BF9: 격월 | BG9: 1~2개월 | BH9: 0.2~0.3 | BI9: 1.2~1.5개월 | BJ9: 2개월치 | BK9: 채움용 | BL9: =BI9&"+"&BK9 -> 1.2~1.5개월+채움용
A10: 10 | B10: 신재품 | C10: ABC9 | I10: 여름 | J10: 0 | K10: 0 | L10: 0 | M10: 212 | N10: 534 | O10: 5079 | P10: 763 | Q10: 144 | R10: 34 | S10: 6 | T10: 2 | U10: 3 | V10: 19722 | W10: =SUM(J10:U10) -> 6777 | X10: =AVERAGE(S10:U10) -> 3.6666667 | Y10: =(S10+T10+U10)*V10 -> 216942 | Z10: =W10*V10 -> 133655994 | AA10: =Z10/SUM($Z$2:$Z$100) -> 0.025658873 | AB10: =SUM($AA$2:AA10) -> 0.26748297 | AC10: =IF(AB10<=70%,"A",IF(AB10<=90%,"B","C")) -> A | AD10: =AVERAGE(M10:S10) -> 967.42857 | AE10: =_xlfn.STDEV.S(M10:S10) -> 1833.8944 | AF10: =IF(AD10=0,0,AE10/AD10) -> 1.895638 | AG10: =IF(AF10<0.5,"X",IF(AF10<=1,"Y","Z")) -> Z | AH10: =AC10&AG10 -> AZ | AI10: =IF(AH10="CZ",0%,IF(AH10="BZ",0%,IF(AH10="CY",5%,IF(I10="사계절",10%,IF(I10="봄",20%,IF(I10="여름",0%,IF(I10="가을",0%,IF(I10="겨울",0%,10%)))))))) -> 0 | AJ10: =IF(AI10=0,"발주안함","발주") -> 발주안함 | AK10: =IF(AC10="A",IF(AG10="X","AX - 중간재고+월1회(LCL)",IF(AG10="Y","AY - 낮은재고+격주1회","AZ - 중단")),IF(AC10="B",IF(AG10="X","BX - 낮은재고+격월1회",IF(AG10="Y","BY - 최소재고+분기1회","BZ - 중단")),IF(AG10="X","CX - 중단(재고소진만)",IF(AG10="Y","CY - 중단(재고소진만)","CZ - 즉시단종")))) -> AZ - 중단 | AY10: CY | AZ10: =COUNTIF(AH:AH,AY10) -> 12 | BA10: =AZ10/$AZ$12 -> 0.12121212 | BB10: =SUMIF(AH:AH,AY10,Z:Z) -> 228111857 | BC10: =BB10/$BB$12 -> 0.043792224 | BD10: 낮음 | BE10: 불안정 | BF10: 분기 | BG10: 최소 | BH10: 0.5~1.0 | BI10: 1.5~2.5개월 | BJ10: 2~3개월치 | BK10: 축소 | BL10: =BI10&"+"&BK10 -> 1.5~2.5개월+축소
A11: 4 | B11: 신재품 | C11: ABC10 | I11: 사계절 | J11: 295 | K11: 494 | L11: 714 | M11: 867 | N11: 614 | O11: 1031 | P11: 531 | Q11: 855 | R11: 1027 | S11: 656 | T11: 233 | U11: 554 | V11: 16641 | W11: =SUM(J11:U11) -> 7871 | X11: =AVERAGE(S11:U11) -> 481 | Y11: =(S11+T11+U11)*V11 -> 24012963 | Z11: =W11*V11 -> 130981311 | AA11: =Z11/SUM($Z$2:$Z$100) -> 0.025145396 | AB11: =SUM($AA$2:AA11) -> 0.29262836 | AC11: =IF(AB11<=70%,"A",IF(AB11<=90%,"B","C")) -> A | AD11: =AVERAGE(J11:U11) -> 655.91667 | AE11: =_xlfn.STDEV.P(J11:U11) -> 246.48173 | AF11: =IF(AD11=0,0,AE11/AD11) -> 0.37578208 | AG11: =IF(AF11<0.5,"X",IF(AF11<=1,"Y","Z")) -> X | AH11: =AC11&AG11 -> AX | AI11: =IF(AH11="CZ",0%,IF(AH11="BZ",0%,IF(AH11="CY",5%,IF(I11="사계절",10%,IF(I11="봄",20%,IF(I11="여름",0%,IF(I11="가을",0%,IF(I11="겨울",0%,10%)))))))) -> 0.1 | AJ11: =IF(AI11=0,"발주안함","발주") -> 발주 | AK11: =IF(AC11="A",IF(AG11="X","AX - 중간재고+월1회(LCL)",IF(AG11="Y","AY - 낮은재고+격주1회","AZ - 중단")),IF(AC11="B",IF(AG11="X","BX - 낮은재고+격월1회",IF(AG11="Y","BY - 최소재고+분기1회","BZ - 중단")),IF(AG11="X","CX - 중단(재고소진만)",IF(AG11="Y","CY - 중단(재고소진만)","CZ - 즉시단종")))) -> AX - 중간재고+월1회(LCL) | AL11: 계 | AM11: =SUM(AM8:AM10) -> 0 | AN11: =SUM(AN8:AN10) -> 0 | AO11: =SUM(AO8:AO10) -> 0 | AP11: =SUM(AP8:AP10) -> 0 | AQ11: =SUM($AO$2:AO11) -> 5208958012 | AY11: CZ | AZ11: =COUNTIF(AH:AH,AY11) -> 13 | BA11: =AZ11/$AZ$12 -> 0.13131313 | BB11: =SUMIF(AH:AH,AY11,Z:Z) -> 234876265 | BC11: =BB11/$BB$12 -> 0.045090835 | BD11: 매우 낮음 | BE11: 매우 불안정 | BF11: 수입 중단 | BG11: 0 | BH11: 0 | BI11: 0 | BJ11: 주문/기획별 | BK11: 재고 소진만/정리대상 | BL11: =BI11&"+"&BK11 -> 0+재고 소진만/정리대상
A12: 12 | B12: 신재품 | C12: ABC11 | I12: 사계절 | J12: 1566 | K12: 2477 | L12: 2127 | M12: 1550 | N12: 2679 | O12: 3569 | P12: 1775 | Q12: 802 | R12: 1153 | S12: 2273 | T12: 2156 | U12: 2048 | V12: 4954 | W12: =SUM(J12:U12) -> 24175 | X12: =AVERAGE(S12:U12) -> 2159 | Y12: =(S12+T12+U12)*V12 -> 32087058 | Z12: =W12*V12 -> 119762950 | AA12: =Z12/SUM($Z$2:$Z$100) -> 0.022991729 | AB12: =SUM($AA$2:AA12) -> 0.31562009 | AC12: =IF(AB12<=70%,"A",IF(AB12<=90%,"B","C")) -> A | AD12: =AVERAGE(J12:U12) -> 2014.5833 | AE12: =_xlfn.STDEV.P(J12:U12) -> 698.75907 | AF12: =IF(AD12=0,0,AE12/AD12) -> 0.34685042 | AG12: =IF(AF12<0.5,"X",IF(AF12<=1,"Y","Z")) -> X | AH12: =AC12&AG12 -> AX | AI12: =IF(AH12="CZ",0%,IF(AH12="BZ",0%,IF(AH12="CY",5%,IF(I12="사계절",10%,IF(I12="봄",20%,IF(I12="여름",0%,IF(I12="가을",0%,IF(I12="겨울",0%,10%)))))))) -> 0.1 | AJ12: =IF(AI12=0,"발주안함","발주") -> 발주 | AK12: =IF(AC12="A",IF(AG12="X","AX - 중간재고+월1회(LCL)",IF(AG12="Y","AY - 낮은재고+격주1회","AZ - 중단")),IF(AC12="B",IF(AG12="X","BX - 낮은재고+격월1회",IF(AG12="Y","BY - 최소재고+분기1회","BZ - 중단")),IF(AG12="X","CX - 중단(재고소진만)",IF(AG12="Y","CY - 중단(재고소진만)","CZ - 즉시단종")))) -> AX - 중간재고+월1회(LCL) | AS12: 계절별 변동계수(CV) - 표준편차 산출 기준 | AY12: 계 | AZ12: =SUM(AZ3:AZ11) -> 99 | BA12: =SUM(BA3:BA11) -> 1 | BB12: =SUM(BB3:BB11) -> 5208958012 | BC12: =SUM(BC3:BC11) -> 1
A13: 11 | B13: 신재품 | C13: ABC12 | I13: 사계절 | J13: 264 | K13: 253 | L13: 917 | M13: 404 | N13: 906 | O13: 606 | P13: 552 | Q13: 900 | R13: 644 | S13: 541 | T13: 537 | U13: 611 | V13: 15644 | W13: =SUM(J13:U13) -> 7135 | X13: =AVERAGE(S13:U13) -> 563 | Y13: =(S13+T13+U13)*V13 -> 26422716 | Z13: =W13*V13 -> 111619940 | AA13: =Z13/SUM($Z$2:$Z$100) -> 0.021428458 | AB13: =SUM($AA$2:AA13) -> 0.33704855 | AC13: =IF(AB13<=70%,"A",IF(AB13<=90%,"B","C")) -> A | AD13: =AVERAGE(J13:U13) -> 594.58333 | AE13: =_xlfn.STDEV.P(J13:U13) -> 217.43599 | AF13: =IF(AD13=0,0,AE13/AD13) -> 0.36569473 | AG13: =IF(AF13<0.5,"X",IF(AF13<=1,"Y","Z")) -> X | AH13: =AC13&AG13 -> AX | AI13: =IF(AH13="CZ",0%,IF(AH13="BZ",0%,IF(AH13="CY",5%,IF(I13="사계절",10%,IF(I13="봄",20%,IF(I13="여름",0%,IF(I13="가을",0%,IF(I13="겨울",0%,10%)))))))) -> 0.1 | AJ13: =IF(AI13=0,"발주안함","발주") -> 발주 | AK13: =IF(AC13="A",IF(AG13="X","AX - 중간재고+월1회(LCL)",IF(AG13="Y","AY - 낮은재고+격주1회","AZ - 중단")),IF(AC13="B",IF(AG13="X","BX - 낮은재고+격월1회",IF(AG13="Y","BY - 최소재고+분기1회","BZ - 중단")),IF(AG13="X","CX - 중단(재고소진만)",IF(AG13="Y","CY - 중단(재고소진만)","CZ - 즉시단종")))) -> AX - 중간재고+월1회(LCL) | AS13: 카테고리 | AT13: CV 계산 기간 | AU13: 제외 기간 | AV13: 이유
A14: 14 | B14: 신재품 | C14: ABC13 | I14: 여름 | J14: 0 | K14: 0 | L14: 0 | M14: 1059 | N14: 3427 | O14: 7650 | P14: 4237 | Q14: 1052 | R14: 299 | S14: 74 | T14: 66 | U14: 95 | V14: 5907 | W14: =SUM(J14:U14) -> 17959 | X14: =AVERAGE(S14:U14) -> 78.333333 | Y14: =(S14+T14+U14)*V14 -> 1388145 | Z14: =W14*V14 -> 106083813 | AA14: =Z14/SUM($Z$2:$Z$100) -> 0.020365649 | AB14: =SUM($AA$2:AA14) -> 0.3574142 | AC14: =IF(AB14<=70%,"A",IF(AB14<=90%,"B","C")) -> A | AD14: =AVERAGE(M14:S14) -> 2542.5714 | AE14: =_xlfn.STDEV.S(M14:S14) -> 2747.404 | AF14: =IF(AD14=0,0,AE14/AD14) -> 1.0805612 | AG14: =IF(AF14<0.5,"X",IF(AF14<=1,"Y","Z")) -> Z | AH14: =AC14&AG14 -> AZ | AI14: =IF(AH14="CZ",0%,IF(AH14="BZ",0%,IF(AH14="CY",5%,IF(I14="사계절",10%,IF(I14="봄",20%,IF(I14="여름",0%,IF(I14="가을",0%,IF(I14="겨울",0%,10%)))))))) -> 0 | AJ14: =IF(AI14=0,"발주안함","발주") -> 발주안함 | AK14: =IF(AC14="A",IF(AG14="X","AX - 중간재고+월1회(LCL)",IF(AG14="Y","AY - 낮은재고+격주1회","AZ - 중단")),IF(AC14="B",IF(AG14="X","BX - 낮은재고+격월1회",IF(AG14="Y","BY - 최소재고+분기1회","BZ - 중단")),IF(AG14="X","CX - 중단(재고소진만)",IF(AG14="Y","CY - 중단(재고소진만)","CZ - 즉시단종")))) -> AZ - 중단 | AS14: 봄 | AT14: 3~5월만 | AU14: 6~2월 제외 | AV14: 연중 판매
A15: 13 | B15: 신재품 | C15: ABC14 | I15: 사계절 | J15: 288 | K15: 333 | L15: 540 | M15: 366 | N15: 228 | O15: 154 | P15: 81 | Q15: 110 | R15: 381 | S15: 560 | T15: 614 | U15: 499 | V15: 22456 | W15: =SUM(J15:U15) -> 4154 | X15: =AVERAGE(S15:U15) -> 557.66667 | Y15: =(S15+T15+U15)*V15 -> 37568888 | Z15: =W15*V15 -> 93282224 | AA15: =Z15/SUM($Z$2:$Z$100) -> 0.017908039 | AB15: =SUM($AA$2:AA15) -> 0.37532224 | AC15: =IF(AB15<=70%,"A",IF(AB15<=90%,"B","C")) -> A | AD15: =AVERAGE(J15:U15) -> 346.16667 | AE15: =_xlfn.STDEV.P(J15:U15) -> 173.33293 | AF15: =IF(AD15=0,0,AE15/AD15) -> 0.50072104 | AG15: =IF(AF15<0.5,"X",IF(AF15<=1,"Y","Z")) -> Y | AH15: =AC15&AG15 -> AY | AI15: =IF(AH15="CZ",0%,IF(AH15="BZ",0%,IF(AH15="CY",5%,IF(I15="사계절",10%,IF(I15="봄",20%,IF(I15="여름",0%,IF(I15="가을",0%,IF(I15="겨울",0%,10%)))))))) -> 0.1 | AJ15: =IF(AI15=0,"발주안함","발주") -> 발주 | AK15: =IF(AC15="A",IF(AG15="X","AX - 중간재고+월1회(LCL)",IF(AG15="Y","AY - 낮은재고+격주1회","AZ - 중단")),IF(AC15="B",IF(AG15="X","BX - 낮은재고+격월1회",IF(AG15="Y","BY - 최소재고+분기1회","BZ - 중단")),IF(AG15="X","CX - 중단(재고소진만)",IF(AG15="Y","CY - 중단(재고소진만)","CZ - 즉시단종")))) -> AY - 낮은재고+격주1회 | AS15: 사계절 | AT15: 1~12월 전체 | AU15: 없음 | AV15: 비시즌 0개 제외
A16: 18 | B16: 신재품 | C16: ABC15 | I16: 여름 | J16: 0 | K16: 0 | L16: 0 | M16: 108 | N16: 396 | O16: 809 | P16: 283 | Q16: 56 | R16: 8 | S16: 5 | T16: 2 | U16: 4 | V16: 52386 | W16: =SUM(J16:U16) -> 1671 | X16: =AVERAGE(S16:U16) -> 3.6666667 | Y16: =(S16+T16+U16)*V16 -> 576246 | Z16: =W16*V16 -> 87537006 | AA16: =Z16/SUM($Z$2:$Z$100) -> 0.01680509 | AB16: =SUM($AA$2:AA16) -> 0.39212733 | AC16: =IF(AB16<=70%,"A",IF(AB16<=90%,"B","C")) -> A | AD16: =AVERAGE(M16:S16) -> 237.85714 | AE16: =_xlfn.STDEV.S(M16:S16) -> 291.617 | AF16: =IF(AD16=0,0,AE16/AD16) -> 1.2260174 | AG16: =IF(AF16<0.5,"X",IF(AF16<=1,"Y","Z")) -> Z | AH16: =AC16&AG16 -> AZ | AI16: =IF(AH16="CZ",0%,IF(AH16="BZ",0%,IF(AH16="CY",5%,IF(I16="사계절",10%,IF(I16="봄",20%,IF(I16="여름",0%,IF(I16="가을",0%,IF(I16="겨울",0%,10%)))))))) -> 0 | AJ16: =IF(AI16=0,"발주안함","발주") -> 발주안함 | AK16: =IF(AC16="A",IF(AG16="X","AX - 중간재고+월1회(LCL)",IF(AG16="Y","AY - 낮은재고+격주1회","AZ - 중단")),IF(AC16="B",IF(AG16="X","BX - 낮은재고+격월1회",IF(AG16="Y","BY - 최소재고+분기1회","BZ - 중단")),IF(AG16="X","CX - 중단(재고소진만)",IF(AG16="Y","CY - 중단(재고소진만)","CZ - 즉시단종")))) -> AZ - 중단 | AS16: 여름 | AT16: 4~10월만 | AU16: 11~3월 제외 | AV16: 비시즌 0개 제외
A17: 15 | B17: 신재품 | C17: ABC16 | I17: 사계절 | J17: 157 | K17: 231 | L17: 575 | M17: 660 | N17: 463 | O17: 281 | P17: 132 | Q17: 127 | R17: 207 | S17: 325 | T17: 248 | U17: 271 | V17: 22456 | W17: =SUM(J17:U17) -> 3677 | X17: =AVERAGE(S17:U17) -> 281.33333 | Y17: =(S17+T17+U17)*V17 -> 18952864 | Z17: =W17*V17 -> 82570712 | AA17: =Z17/SUM($Z$2:$Z$100) -> 0.015851675 | AB17: =SUM($AA$2:AA17) -> 0.407979 | AC17: =IF(AB17<=70%,"A",IF(AB17<=90%,"B","C")) -> A | AD17: =AVERAGE(J17:U17) -> 306.41667 | AE17: =_xlfn.STDEV.P(J17:U17) -> 165.28836 | AF17: =IF(AD17=0,0,AE17/AD17) -> 0.53942354 | AG17: =IF(AF17<0.5,"X",IF(AF17<=1,"Y","Z")) -> Y | AH17: =AC17&AG17 -> AY | AI17: =IF(AH17="CZ",0%,IF(AH17="BZ",0%,IF(AH17="CY",5%,IF(I17="사계절",10%,IF(I17="봄",20%,IF(I17="여름",0%,IF(I17="가을",0%,IF(I17="겨울",0%,10%)))))))) -> 0.1 | AJ17: =IF(AI17=0,"발주안함","발주") -> 발주 | AK17: =IF(AC17="A",IF(AG17="X","AX - 중간재고+월1회(LCL)",IF(AG17="Y","AY - 낮은재고+격주1회","AZ - 중단")),IF(AC17="B",IF(AG17="X","BX - 낮은재고+격월1회",IF(AG17="Y","BY - 최소재고+분기1회","BZ - 중단")),IF(AG17="X","CX - 중단(재고소진만)",IF(AG17="Y","CY - 중단(재고소진만)","CZ - 즉시단종")))) -> AY - 낮은재고+격주1회 | AS17: 가을 | AT17: 9~11월만 | AU17: 12~8월 제외 | AV17: 비시즌 0개 제외
A18: 16 | B18: 신재품 | C18: ABC17 | I18: 사계절 | J18: 148 | K18: 249 | L18: 255 | M18: 155 | N18: 82 | O18: 89 | P18: 70 | Q18: 82 | R18: 126 | S18: 32 | T18: 17 | U18: 81 | V18: 56608 | W18: =SUM(J18:U18) -> 1386 | X18: =AVERAGE(S18:U18) -> 43.333333 | Y18: =(S18+T18+U18)*V18 -> 7359040 | Z18: =W18*V18 -> 78458688 | AA18: =Z18/SUM($Z$2:$Z$100) -> 0.015062262 | AB18: =SUM($AA$2:AA18) -> 0.42304127 | AC18: =IF(AB18<=70%,"A",IF(AB18<=90%,"B","C")) -> A | AD18: =AVERAGE(J18:U18) -> 115.5 | AE18: =_xlfn.STDEV.P(J18:U18) -> 72.394176 | AF18: =IF(AD18=0,0,AE18/AD18) -> 0.6267894 | AG18: =IF(AF18<0.5,"X",IF(AF18<=1,"Y","Z")) -> Y | AH18: =AC18&AG18 -> AY | AI18: =IF(AH18="CZ",0%,IF(AH18="BZ",0%,IF(AH18="CY",5%,IF(I18="사계절",10%,IF(I18="봄",20%,IF(I18="여름",0%,IF(I18="가을",0%,IF(I18="겨울",0%,10%)))))))) -> 0.1 | AJ18: =IF(AI18=0,"발주안함","발주") -> 발주 | AK18: =IF(AC18="A",IF(AG18="X","AX - 중간재고+월1회(LCL)",IF(AG18="Y","AY - 낮은재고+격주1회","AZ - 중단")),IF(AC18="B",IF(AG18="X","BX - 낮은재고+격월1회",IF(AG18="Y","BY - 최소재고+분기1회","BZ - 중단")),IF(AG18="X","CX - 중단(재고소진만)",IF(AG18="Y","CY - 중단(재고소진만)","CZ - 즉시단종")))) -> AY - 낮은재고+격주1회 | AS18: 겨울 | AT18: 9~2월만 | AU18: 3~8월 제외 | AV18: -
A19: 17 | B19: 신재품 | C19: ABC18 | I19: 사계절 | J19: 268 | K19: 541 | L19: 892 | M19: 419 | N19: 270 | O19: 150 | P19: 86 | Q19: 132 | R19: 411 | S19: 741 | T19: 719 | U19: 616 | V19: 14655 | W19: =SUM(J19:U19) -> 5245 | X19: =AVERAGE(S19:U19) -> 692 | Y19: =(S19+T19+U19)*V19 -> 30423780 | Z19: =W19*V19 -> 76865475 | AA19: =Z19/SUM($Z$2:$Z$100) -> 0.014756401 | AB19: =SUM($AA$2:AA19) -> 0.43779767 | AC19: =IF(AB19<=70%,"A",IF(AB19<=90%,"B","C")) -> A | AD19: =AVERAGE(J19:U19) -> 437.08333 | AE19: =_xlfn.STDEV.P(J19:U19) -> 254.60213 | AF19: =IF(AD19=0,0,AE19/AD19) -> 0.58250248 | AG19: =IF(AF19<0.5,"X",IF(AF19<=1,"Y","Z")) -> Y | AH19: =AC19&AG19 -> AY | AI19: =IF(AH19="CZ",0%,IF(AH19="BZ",0%,IF(AH19="CY",5%,IF(I19="사계절",10%,IF(I19="봄",20%,IF(I19="여름",0%,IF(I19="가을",0%,IF(I19="겨울",0%,10%)))))))) -> 0.1 | AJ19: =IF(AI19=0,"발주안함","발주") -> 발주 | AK19: =IF(AC19="A",IF(AG19="X","AX - 중간재고+월1회(LCL)",IF(AG19="Y","AY - 낮은재고+격주1회","AZ - 중단")),IF(AC19="B",IF(AG19="X","BX - 낮은재고+격월1회",IF(AG19="Y","BY - 최소재고+분기1회","BZ - 중단")),IF(AG19="X","CX - 중단(재고소진만)",IF(AG19="Y","CY - 중단(재고소진만)","CZ - 즉시단종")))) -> AY - 낮은재고+격주1회
A20: 19 | B20: 신재품 | C20: ABC19 | I20: 사계절 | J20: 248 | K20: 358 | L20: 463 | M20: 313 | N20: 181 | O20: 133 | P20: 100 | Q20: 84 | R20: 218 | S20: 227 | T20: 260 | U20: 186 | V20: 26893 | W20: =SUM(J20:U20) -> 2771 | X20: =AVERAGE(S20:U20) -> 224.33333 | Y20: =(S20+T20+U20)*V20 -> 18098989 | Z20: =W20*V20 -> 74520503 | AA20: =Z20/SUM($Z$2:$Z$100) -> 0.014306221 | AB20: =SUM($AA$2:AA20) -> 0.45210389 | AC20: =IF(AB20<=70%,"A",IF(AB20<=90%,"B","C")) -> A | AD20: =AVERAGE(J20:U20) -> 230.91667 | AE20: =_xlfn.STDEV.P(J20:U20) -> 104.43934 | AF20: =IF(AD20=0,0,AE20/AD20) -> 0.45228153 | AG20: =IF(AF20<0.5,"X",IF(AF20<=1,"Y","Z")) -> X | AH20: =AC20&AG20 -> AX | AI20: =IF(AH20="CZ",0%,IF(AH20="BZ",0%,IF(AH20="CY",5%,IF(I20="사계절",10%,IF(I20="봄",20%,IF(I20="여름",0%,IF(I20="가을",0%,IF(I20="겨울",0%,10%)))))))) -> 0.1 | AJ20: =IF(AI20=0,"발주안함","발주") -> 발주 | AK20: =IF(AC20="A",IF(AG20="X","AX - 중간재고+월1회(LCL)",IF(AG20="Y","AY - 낮은재고+격주1회","AZ - 중단")),IF(AC20="B",IF(AG20="X","BX - 낮은재고+격월1회",IF(AG20="Y","BY - 최소재고+분기1회","BZ - 중단")),IF(AG20="X","CX - 중단(재고소진만)",IF(AG20="Y","CY - 중단(재고소진만)","CZ - 즉시단종")))) -> AX - 중간재고+월1회(LCL) | AS20: 정상 상황 (창고/자금 여유) | AW20: 위기 상황 (창고부족/자금부족) - 현재 적용 중
A21: 20 | B21: 신재품 | C21: ABC20 | I21: 사계절 | J21: 243 | K21: 587 | L21: 658 | M21: 295 | N21: 180 | O21: 113 | P21: 51 | Q21: 72 | R21: 245 | S21: 298 | T21: 315 | U21: 225 | V21: 22064 | W21: =SUM(J21:U21) -> 3282 | X21: =AVERAGE(S21:U21) -> 279.33333 | Y21: =(S21+T21+U21)*V21 -> 18489632 | Z21: =W21*V21 -> 72414048 | AA21: =Z21/SUM($Z$2:$Z$100) -> 0.01390183 | AB21: =SUM($AA$2:AA21) -> 0.46600572 | AC21: =IF(AB21<=70%,"A",IF(AB21<=90%,"B","C")) -> A | AD21: =AVERAGE(J21:U21) -> 273.5 | AE21: =_xlfn.STDEV.P(J21:U21) -> 177.39152 | AF21: =IF(AD21=0,0,AE21/AD21) -> 0.64859787 | AG21: =IF(AF21<0.5,"X",IF(AF21<=1,"Y","Z")) -> Y | AH21: =AC21&AG21 -> AY | AI21: =IF(AH21="CZ",0%,IF(AH21="BZ",0%,IF(AH21="CY",5%,IF(I21="사계절",10%,IF(I21="봄",20%,IF(I21="여름",0%,IF(I21="가을",0%,IF(I21="겨울",0%,10%)))))))) -> 0.1 | AJ21: =IF(AI21=0,"발주안함","발주") -> 발주 | AK21: =IF(AC21="A",IF(AG21="X","AX - 중간재고+월1회(LCL)",IF(AG21="Y","AY - 낮은재고+격주1회","AZ - 중단")),IF(AC21="B",IF(AG21="X","BX - 낮은재고+격월1회",IF(AG21="Y","BY - 최소재고+분기1회","BZ - 중단")),IF(AG21="X","CX - 중단(재고소진만)",IF(AG21="Y","CY - 중단(재고소진만)","CZ - 즉시단종")))) -> AY - 낮은재고+격주1회 | AS21: 등급 | AT21: 재고 수준 | AU21: 주문 전략 | AW21: 등급 | AX21: 재고 수준 | AY21: 주문 전략
A22: 21 | B22: 신재품 | C22: ABC21 | I22: 사계절 | J22: 126 | K22: 232 | L22: 633 | M22: 643 | N22: 327 | O22: 182 | P22: 125 | Q22: 110 | R22: 174 | S22: 246 | T22: 214 | U22: 186 | V22: 22456 | W22: =SUM(J22:U22) -> 3198 | X22: =AVERAGE(S22:U22) -> 215.33333 | Y22: =(S22+T22+U22)*V22 -> 14506576 | Z22: =W22*V22 -> 71814288 | AA22: =Z22/SUM($Z$2:$Z$100) -> 0.01378669 | AB22: =SUM($AA$2:AA22) -> 0.47979241 | AC22: =IF(AB22<=70%,"A",IF(AB22<=90%,"B","C")) -> A | AD22: =AVERAGE(J22:U22) -> 266.5 | AE22: =_xlfn.STDEV.P(J22:U22) -> 175.72066 | AF22: =IF(AD22=0,0,AE22/AD22) -> 0.65936457 | AG22: =IF(AF22<0.5,"X",IF(AF22<=1,"Y","Z")) -> Y | AH22: =AC22&AG22 -> AY | AI22: =IF(AH22="CZ",0%,IF(AH22="BZ",0%,IF(AH22="CY",5%,IF(I22="사계절",10%,IF(I22="봄",20%,IF(I22="여름",0%,IF(I22="가을",0%,IF(I22="겨울",0%,10%)))))))) -> 0.1 | AJ22: =IF(AI22=0,"발주안함","발주") -> 발주 | AK22: =IF(AC22="A",IF(AG22="X","AX - 중간재고+월1회(LCL)",IF(AG22="Y","AY - 낮은재고+격주1회","AZ - 중단")),IF(AC22="B",IF(AG22="X","BX - 낮은재고+격월1회",IF(AG22="Y","BY - 최소재고+분기1회","BZ - 중단")),IF(AG22="X","CX - 중단(재고소진만)",IF(AG22="Y","CY - 중단(재고소진만)","CZ - 즉시단종")))) -> AY - 낮은재고+격주1회 | AS22: AX | AT22: 높은재고 | AU22: 분기 1회 대량 (FCL) | AW22: AX | AX22: 중간재고 | AY22: 월 1회 (LCL)
A23: 36 | B23: 신재품 | C23: ABC22 | I23: 여름 | J23: 0 | K23: 0 | L23: 0 | M23: 226 | N23: 588 | O23: 3322 | P23: 2467 | Q23: 343 | R23: 337 | S23: 60 | T23: 47 | U23: 45 | V23: 9649 | W23: =SUM(J23:U23) -> 7435 | X23: =AVERAGE(S23:U23) -> 50.666667 | Y23: =(S23+T23+U23)*V23 -> 1466648 | Z23: =W23*V23 -> 71740315 | AA23: =Z23/SUM($Z$2:$Z$100) -> 0.013772489 | AB23: =SUM($AA$2:AA23) -> 0.4935649 | AC23: =IF(AB23<=70%,"A",IF(AB23<=90%,"B","C")) -> A | AD23: =AVERAGE(M23:S23) -> 1049 | AE23: =_xlfn.STDEV.S(M23:S23) -> 1294.2568 | AF23: =IF(AD23=0,0,AE23/AD23) -> 1.2338006 | AG23: =IF(AF23<0.5,"X",IF(AF23<=1,"Y","Z")) -> Z | AH23: =AC23&AG23 -> AZ | AI23: =IF(AH23="CZ",0%,IF(AH23="BZ",0%,IF(AH23="CY",5%,IF(I23="사계절",10%,IF(I23="봄",20%,IF(I23="여름",0%,IF(I23="가을",0%,IF(I23="겨울",0%,10%)))))))) -> 0 | AJ23: =IF(AI23=0,"발주안함","발주") -> 발주안함 | AK23: =IF(AC23="A",IF(AG23="X","AX - 중간재고+월1회(LCL)",IF(AG23="Y","AY - 낮은재고+격주1회","AZ - 중단")),IF(AC23="B",IF(AG23="X","BX - 낮은재고+격월1회",IF(AG23="Y","BY - 최소재고+분기1회","BZ - 중단")),IF(AG23="X","CX - 중단(재고소진만)",IF(AG23="Y","CY - 중단(재고소진만)","CZ - 즉시단종")))) -> AZ - 중단 | AS23: AY | AT23: 중간재고 | AU23: 월 1회 중량 | AW23: AY | AX23: 낮은재고 | AY23: 격주 1회
A24: 23 | B24: 신재품 | C24: ABC23 | I24: 사계절 | J24: 253 | K24: 313 | L24: 373 | M24: 235 | N24: 152 | O24: 104 | P24: 63 | Q24: 74 | R24: 221 | S24: 308 | T24: 354 | U24: 396 | V24: 22456 | W24: =SUM(J24:U24) -> 2846 | X24: =AVERAGE(S24:U24) -> 352.66667 | Y24: =(S24+T24+U24)*V24 -> 23758448 | Z24: =W24*V24 -> 63909776 | AA24: =Z24/SUM($Z$2:$Z$100) -> 0.012269205 | AB24: =SUM($AA$2:AA24) -> 0.5058341 | AC24: =IF(AB24<=70%,"A",IF(AB24<=90%,"B","C")) -> A | AD24: =AVERAGE(J24:U24) -> 237.16667 | AE24: =_xlfn.STDEV.P(J24:U24) -> 112.01104 | AF24: =IF(AD24=0,0,AE24/AD24) -> 0.47228828 | AG24: =IF(AF24<0.5,"X",IF(AF24<=1,"Y","Z")) -> X | AH24: =AC24&AG24 -> AX | AI24: =IF(AH24="CZ",0%,IF(AH24="BZ",0%,IF(AH24="CY",5%,IF(I24="사계절",10%,IF(I24="봄",20%,IF(I24="여름",0%,IF(I24="가을",0%,IF(I24="겨울",0%,10%)))))))) -> 0.1 | AJ24: =IF(AI24=0,"발주안함","발주") -> 발주 | AK24: =IF(AC24="A",IF(AG24="X","AX - 중간재고+월1회(LCL)",IF(AG24="Y","AY - 낮은재고+격주1회","AZ - 중단")),IF(AC24="B",IF(AG24="X","BX - 낮은재고+격월1회",IF(AG24="Y","BY - 최소재고+분기1회","BZ - 중단")),IF(AG24="X","CX - 중단(재고소진만)",IF(AG24="Y","CY - 중단(재고소진만)","CZ - 즉시단종")))) -> AX - 중간재고+월1회(LCL) | AS24: AZ | AT24: 낮은재고 | AU24: 긴급 대응 | AW24: AZ | AX24: 중단 | AY24: -
A25: 27 | B25: 신재품 | C25: ABC24 | I25: 여름 | J25: 14 | K25: 6 | L25: 75 | M25: 172 | N25: 352 | O25: 604 | P25: 466 | Q25: 246 | R25: 40 | S25: 7 | T25: 4 | U25: 12 | V25: 31724 | W25: =SUM(J25:U25) -> 1998 | X25: =AVERAGE(S25:U25) -> 7.6666667 | Y25: =(S25+T25+U25)*V25 -> 729652 | Z25: =W25*V25 -> 63384552 | AA25: =Z25/SUM($Z$2:$Z$100) -> 0.012168375 | AB25: =SUM($AA$2:AA25) -> 0.51800248 | AC25: =IF(AB25<=70%,"A",IF(AB25<=90%,"B","C")) -> A | AD25: =AVERAGE(M25:S25) -> 269.57143 | AE25: =_xlfn.STDEV.S(M25:S25) -> 219.44768 | AF25: =IF(AD25=0,0,AE25/AD25) -> 0.81406136 | AG25: =IF(AF25<0.5,"X",IF(AF25<=1,"Y","Z")) -> Y | AH25: =AC25&AG25 -> AY | AI25: =IF(AH25="CZ",0%,IF(AH25="BZ",0%,IF(AH25="CY",5%,IF(I25="사계절",10%,IF(I25="봄",20%,IF(I25="여름",0%,IF(I25="가을",0%,IF(I25="겨울",0%,10%)))))))) -> 0 | AJ25: =IF(AI25=0,"발주안함","발주") -> 발주안함 | AK25: =IF(AC25="A",IF(AG25="X","AX - 중간재고+월1회(LCL)",IF(AG25="Y","AY - 낮은재고+격주1회","AZ - 중단")),IF(AC25="B",IF(AG25="X","BX - 낮은재고+격월1회",IF(AG25="Y","BY - 최소재고+분기1회","BZ - 중단")),IF(AG25="X","CX - 중단(재고소진만)",IF(AG25="Y","CY - 중단(재고소진만)","CZ - 즉시단종")))) -> AY - 낮은재고+격주1회 | AS25: BX | AT25: 중간재고 | AU25: 분기 1회 | AW25: BX | AX25: 낮은재고 | AY25: 격월 1회
A26: 24 | B26: 신재품 | C26: ABC25 | I26: 사계절 | J26: 0 | K26: 0 | L26: 0 | M26: 520 | N26: 347 | O26: 225 | P26: 134 | Q26: 145 | R26: 144 | S26: 258 | T26: 148 | U26: 214 | V26: 29447 | W26: =SUM(J26:U26) -> 2135 | X26: =AVERAGE(S26:U26) -> 206.66667 | Y26: =(S26+T26+U26)*V26 -> 18257140 | Z26: =W26*V26 -> 62869345 | AA26: =Z26/SUM($Z$2:$Z$100) -> 0.012069467 | AB26: =SUM($AA$2:AA26) -> 0.53007194 | AC26: =IF(AB26<=70%,"A",IF(AB26<=90%,"B","C")) -> A | AD26: =AVERAGE(J26:U26) -> 177.91667 | AE26: =_xlfn.STDEV.P(J26:U26) -> 145.93461 | AF26: =IF(AD26=0,0,AE26/AD26) -> 0.82024135 | AG26: =IF(AF26<0.5,"X",IF(AF26<=1,"Y","Z")) -> Y | AH26: =AC26&AG26 -> AY | AI26: =IF(AH26="CZ",0%,IF(AH26="BZ",0%,IF(AH26="CY",5%,IF(I26="사계절",10%,IF(I26="봄",20%,IF(I26="여름",0%,IF(I26="가을",0%,IF(I26="겨울",0%,10%)))))))) -> 0.1 | AJ26: =IF(AI26=0,"발주안함","발주") -> 발주 | AK26: =IF(AC26="A",IF(AG26="X","AX - 중간재고+월1회(LCL)",IF(AG26="Y","AY - 낮은재고+격주1회","AZ - 중단")),IF(AC26="B",IF(AG26="X","BX - 낮은재고+격월1회",IF(AG26="Y","BY - 최소재고+분기1회","BZ - 중단")),IF(AG26="X","CX - 중단(재고소진만)",IF(AG26="Y","CY - 중단(재고소진만)","CZ - 즉시단종")))) -> AY - 낮은재고+격주1회 | AS26: BY | AT26: 표준재고 | AU26: 격월 1회 | AW26: BY | AX26: 최소재고 | AY26: 분기 1회
A27: 22 | B27: 신재품 | C27: ABC26 | I27: 사계절 | J27: 256 | K27: 592 | L27: 401 | M27: 228 | N27: 121 | O27: 79 | P27: 46 | Q27: 109 | R27: 207 | S27: 273 | T27: 288 | U27: 246 | V27: 22064 | W27: =SUM(J27:U27) -> 2846 | X27: =AVERAGE(S27:U27) -> 269 | Y27: =(S27+T27+U27)*V27 -> 17805648 | Z27: =W27*V27 -> 62794144 | AA27: =Z27/SUM($Z$2:$Z$100) -> 0.01205503 | AB27: =SUM($AA$2:AA27) -> 0.54212697 | AC27: =IF(AB27<=70%,"A",IF(AB27<=90%,"B","C")) -> A | AD27: =AVERAGE(J27:U27) -> 237.16667 | AE27: =_xlfn.STDEV.P(J27:U27) -> 144.20057 | AF27: =IF(AD27=0,0,AE27/AD27) -> 0.60801366 | AG27: =IF(AF27<0.5,"X",IF(AF27<=1,"Y","Z")) -> Y | AH27: =AC27&AG27 -> AY | AI27: =IF(AH27="CZ",0%,IF(AH27="BZ",0%,IF(AH27="CY",5%,IF(I27="사계절",10%,IF(I27="봄",20%,IF(I27="여름",0%,IF(I27="가을",0%,IF(I27="겨울",0%,10%)))))))) -> 0.1 | AJ27: =IF(AI27=0,"발주안함","발주") -> 발주 | AK27: =IF(AC27="A",IF(AG27="X","AX - 중간재고+월1회(LCL)",IF(AG27="Y","AY - 낮은재고+격주1회","AZ - 중단")),IF(AC27="B",IF(AG27="X","BX - 낮은재고+격월1회",IF(AG27="Y","BY - 최소재고+분기1회","BZ - 중단")),IF(AG27="X","CX - 중단(재고소진만)",IF(AG27="Y","CY - 중단(재고소진만)","CZ - 즉시단종")))) -> AY - 낮은재고+격주1회 | AS27: BZ | AT27: 낮은재고 | AU27: 수요 기반 | AW27: BZ | AX27: 중단 | AY27: -
A28: 50 | B28: 신재품 | C28: ABC27 | I28: 여름 | J28: 0 | K28: 0 | L28: 0 | M28: 9 | N28: 173 | O28: 1125 | P28: 1648 | Q28: 199 | R28: 18 | S28: 5 | T28: 5 | U28: 0 | V28: 19722 | W28: =SUM(J28:U28) -> 3182 | X28: =AVERAGE(S28:U28) -> 3.3333333 | Y28: =(S28+T28+U28)*V28 -> 197220 | Z28: =W28*V28 -> 62755404 | AA28: =Z28/SUM($Z$2:$Z$100) -> 0.012047593 | AB28: =SUM($AA$2:AA28) -> 0.55417457 | AC28: =IF(AB28<=70%,"A",IF(AB28<=90%,"B","C")) -> A | AD28: =AVERAGE(M28:S28) -> 453.85714 | AE28: =_xlfn.STDEV.S(M28:S28) -> 659.49284 | AF28: =IF(AD28=0,0,AE28/AD28) -> 1.4530846 | AG28: =IF(AF28<0.5,"X",IF(AF28<=1,"Y","Z")) -> Z | AH28: =AC28&AG28 -> AZ | AI28: =IF(AH28="CZ",0%,IF(AH28="BZ",0%,IF(AH28="CY",5%,IF(I28="사계절",10%,IF(I28="봄",20%,IF(I28="여름",0%,IF(I28="가을",0%,IF(I28="겨울",0%,10%)))))))) -> 0 | AJ28: =IF(AI28=0,"발주안함","발주") -> 발주안함 | AK28: =IF(AC28="A",IF(AG28="X","AX - 중간재고+월1회(LCL)",IF(AG28="Y","AY - 낮은재고+격주1회","AZ - 중단")),IF(AC28="B",IF(AG28="X","BX - 낮은재고+격월1회",IF(AG28="Y","BY - 최소재고+분기1회","BZ - 중단")),IF(AG28="X","CX - 중단(재고소진만)",IF(AG28="Y","CY - 중단(재고소진만)","CZ - 즉시단종")))) -> AZ - 중단 | AS28: CX | AT28: 최소재고 | AU28: 반기 1회 | AW28: CX | AX28: 중단 | AY28: 재고 소진만
A29: 25 | B29: 단종예정 | C29: ABC28 | I29: 사계절 | J29: 243 | K29: 377 | L29: 376 | M29: 205 | N29: 137 | O29: 94 | P29: 55 | Q29: 78 | R29: 159 | S29: 184 | T29: 202 | U29: 203 | V29: 26893 | W29: =SUM(J29:U29) -> 2313 | X29: =AVERAGE(S29:U29) -> 196.33333 | Y29: =(S29+T29+U29)*V29 -> 15839977 | Z29: =W29*V29 -> 62203509 | AA29: =Z29/SUM($Z$2:$Z$100) -> 0.011941641 | AB29: =SUM($AA$2:AA29) -> 0.56611621 | AC29: =IF(AB29<=70%,"A",IF(AB29<=90%,"B","C")) -> A | AD29: =AVERAGE(J29:U29) -> 192.75 | AE29: =_xlfn.STDEV.P(J29:U29) -> 98.578332 | AF29: =IF(AD29=0,0,AE29/AD29) -> 0.51143103 | AG29: =IF(AF29<0.5,"X",IF(AF29<=1,"Y","Z")) -> Y | AH29: =AC29&AG29 -> AY | AI29: =IF(AH29="CZ",0%,IF(AH29="BZ",0%,IF(AH29="CY",5%,IF(I29="사계절",10%,IF(I29="봄",20%,IF(I29="여름",0%,IF(I29="가을",0%,IF(I29="겨울",0%,10%)))))))) -> 0.1 | AJ29: =IF(AI29=0,"발주안함","발주") -> 발주 | AK29: =IF(AC29="A",IF(AG29="X","AX - 중간재고+월1회(LCL)",IF(AG29="Y","AY - 낮은재고+격주1회","AZ - 중단")),IF(AC29="B",IF(AG29="X","BX - 낮은재고+격월1회",IF(AG29="Y","BY - 최소재고+분기1회","BZ - 중단")),IF(AG29="X","CX - 중단(재고소진만)",IF(AG29="Y","CY - 중단(재고소진만)","CZ - 즉시단종")))) -> AY - 낮은재고+격주1회 | AS29: CY | AT29: 최소재고 | AU29: 연 1~2회 | AW29: CY | AX29: 중단 | AY29: 재고 소진만
A30: 28 | B30: 단종예정 | C30: ABC29 | I30: 여름 | J30: 0 | K30: 0 | L30: 0 | M30: 94 | N30: 334 | O30: 677 | P30: 214 | Q30: 80 | R30: 16 | S30: 5 | T30: 2 | U30: 5 | V30: 43404 | W30: =SUM(J30:U30) -> 1427 | X30: =AVERAGE(S30:U30) -> 4 | Y30: =(S30+T30+U30)*V30 -> 520848 | Z30: =W30*V30 -> 61937508 | AA30: =Z30/SUM($Z$2:$Z$100) -> 0.011890575 | AB30: =SUM($AA$2:AA30) -> 0.57800678 | AC30: =IF(AB30<=70%,"A",IF(AB30<=90%,"B","C")) -> A | AD30: =AVERAGE(M30:S30) -> 202.85714 | AE30: =_xlfn.STDEV.S(M30:S30) -> 239.14461 | AF30: =IF(AD30=0,0,AE30/AD30) -> 1.1788819 | AG30: =IF(AF30<0.5,"X",IF(AF30<=1,"Y","Z")) -> Z | AH30: =AC30&AG30 -> AZ | AI30: =IF(AH30="CZ",0%,IF(AH30="BZ",0%,IF(AH30="CY",5%,IF(I30="사계절",10%,IF(I30="봄",20%,IF(I30="여름",0%,IF(I30="가을",0%,IF(I30="겨울",0%,10%)))))))) -> 0 | AJ30: =IF(AI30=0,"발주안함","발주") -> 발주안함 | AK30: =IF(AC30="A",IF(AG30="X","AX - 중간재고+월1회(LCL)",IF(AG30="Y","AY - 낮은재고+격주1회","AZ - 중단")),IF(AC30="B",IF(AG30="X","BX - 낮은재고+격월1회",IF(AG30="Y","BY - 최소재고+분기1회","BZ - 중단")),IF(AG30="X","CX - 중단(재고소진만)",IF(AG30="Y","CY - 중단(재고소진만)","CZ - 즉시단종")))) -> AZ - 중단 | AS30: CZ | AT30: 재고없음 | AU30: 단종 검토 | AW30: CZ | AX30: 중단 | AY30: 즉시 단종
A31: 26 | B31: 단종예정 | C31: ABC30 | I31: 사계절 | J31: 162 | K31: 428 | L31: 670 | M31: 575 | N31: 353 | O31: 196 | P31: 109 | Q31: 161 | R31: 268 | S31: 468 | T31: 412 | U31: 348 | V31: 14655 | W31: =SUM(J31:U31) -> 4150 | X31: =AVERAGE(S31:U31) -> 409.33333 | Y31: =(S31+T31+U31)*V31 -> 17996340 | Z31: =W31*V31 -> 60818250 | AA31: =Z31/SUM($Z$2:$Z$100) -> 0.011675704 | AB31: =SUM($AA$2:AA31) -> 0.58968249 | AC31: =IF(AB31<=70%,"A",IF(AB31<=90%,"B","C")) -> A | AD31: =AVERAGE(J31:U31) -> 345.83333 | AE31: =_xlfn.STDEV.P(J31:U31) -> 167.39864 | AF31: =IF(AD31=0,0,AE31/AD31) -> 0.48404427 | AG31: =IF(AF31<0.5,"X",IF(AF31<=1,"Y","Z")) -> X | AH31: =AC31&AG31 -> AX | AI31: =IF(AH31="CZ",0%,IF(AH31="BZ",0%,IF(AH31="CY",5%,IF(I31="사계절",10%,IF(I31="봄",20%,IF(I31="여름",0%,IF(I31="가을",0%,IF(I31="겨울",0%,10%)))))))) -> 0.1 | AJ31: =IF(AI31=0,"발주안함","발주") -> 발주 | AK31: =IF(AC31="A",IF(AG31="X","AX - 중간재고+월1회(LCL)",IF(AG31="Y","AY - 낮은재고+격주1회","AZ - 중단")),IF(AC31="B",IF(AG31="X","BX - 낮은재고+격월1회",IF(AG31="Y","BY - 최소재고+분기1회","BZ - 중단")),IF(AG31="X","CX - 중단(재고소진만)",IF(AG31="Y","CY - 중단(재고소진만)","CZ - 즉시단종")))) -> AX - 중간재고+월1회(LCL)
A32: 37 | B32: 단종예정 | C32: ABC31 | I32: 여름 | J32: 5 | K32: 9 | L32: 55 | M32: 114 | N32: 295 | O32: 388 | P32: 326 | Q32: 149 | R32: 19 | S32: 4 | T32: 2 | U32: 4 | V32: 42639 | W32: =SUM(J32:U32) -> 1370 | X32: =AVERAGE(S32:U32) -> 3.3333333 | Y32: =(S32+T32+U32)*V32 -> 426390 | Z32: =W32*V32 -> 58415430 | AA32: =Z32/SUM($Z$2:$Z$100) -> 0.011214418 | AB32: =SUM($AA$2:AA32) -> 0.6008969 | AC32: =IF(AB32<=70%,"A",IF(AB32<=90%,"B","C")) -> A | AD32: =AVERAGE(M32:S32) -> 185 | AE32: =_xlfn.STDEV.S(M32:S32) -> 152.66739 | AF32: =IF(AD32=0,0,AE32/AD32) -> 0.82522916 | AG32: =IF(AF32<0.5,"X",IF(AF32<=1,"Y","Z")) -> Y | AH32: =AC32&AG32 -> AY | AI32: =IF(AH32="CZ",0%,IF(AH32="BZ",0%,IF(AH32="CY",5%,IF(I32="사계절",10%,IF(I32="봄",20%,IF(I32="여름",0%,IF(I32="가을",0%,IF(I32="겨울",0%,10%)))))))) -> 0 | AJ32: =IF(AI32=0,"발주안함","발주") -> 발주안함 | AK32: =IF(AC32="A",IF(AG32="X","AX - 중간재고+월1회(LCL)",IF(AG32="Y","AY - 낮은재고+격주1회","AZ - 중단")),IF(AC32="B",IF(AG32="X","BX - 낮은재고+격월1회",IF(AG32="Y","BY - 최소재고+분기1회","BZ - 중단")),IF(AG32="X","CX - 중단(재고소진만)",IF(AG32="Y","CY - 중단(재고소진만)","CZ - 즉시단종")))) -> AY - 낮은재고+격주1회 | AS32: 정상 경우 (향후 재고안정화 후)
A33: 63 | B33: 단종예정 | C33: ABC32 | I33: 여름 | J33: 0 | K33: 0 | L33: 0 | M33: 16 | N33: 88 | O33: 821 | P33: 1989 | Q33: 241 | R33: 21 | S33: 4 | T33: 5 | U33: 2 | V33: 18313 | W33: =SUM(J33:U33) -> 3187 | X33: =AVERAGE(S33:U33) -> 3.6666667 | Y33: =(S33+T33+U33)*V33 -> 201443 | Z33: =W33*V33 -> 58363531 | AA33: =Z33/SUM($Z$2:$Z$100) -> 0.011204454 | AB33: =SUM($AA$2:AA33) -> 0.61210136 | AC33: =IF(AB33<=70%,"A",IF(AB33<=90%,"B","C")) -> A | AD33: =AVERAGE(M33:S33) -> 454.28571 | AE33: =_xlfn.STDEV.S(M33:S33) -> 736.21458 | AF33: =IF(AD33=0,0,AE33/AD33) -> 1.6205981 | AG33: =IF(AF33<0.5,"X",IF(AF33<=1,"Y","Z")) -> Z | AH33: =AC33&AG33 -> AZ | AI33: =IF(AH33="CZ",0%,IF(AH33="BZ",0%,IF(AH33="CY",5%,IF(I33="사계절",10%,IF(I33="봄",20%,IF(I33="여름",0%,IF(I33="가을",0%,IF(I33="겨울",0%,10%)))))))) -> 0 | AJ33: =IF(AI33=0,"발주안함","발주") -> 발주안함 | AK33: =IF(AC33="A",IF(AG33="X","AX - 중간재고+월1회(LCL)",IF(AG33="Y","AY - 낮은재고+격주1회","AZ - 중단")),IF(AC33="B",IF(AG33="X","BX - 낮은재고+격월1회",IF(AG33="Y","BY - 최소재고+분기1회","BZ - 중단")),IF(AG33="X","CX - 중단(재고소진만)",IF(AG33="Y","CY - 중단(재고소진만)","CZ - 즉시단종")))) -> AZ - 중단 | AS33: "=IF(AC2&AG2="AX","AX - 높은재고+분기대량(FCL)",IF(AC2&AG2="AY","AY - 중간재고+월간중량",IF(AC2&AG2="AZ","AZ - 낮은재고+긴급대응",IF(AC2&AG2="BX","BX - 중간재고+분기주문",IF(AC2&AG2="BY","BY - 표준재고+격월주문",IF(AC2&AG2="BZ","BZ - 낮은재고+수요기반",IF(AC2&AG2="CX","CX - 최소재고+반기주문",IF(AC2&AG2="CY","CY - 최소재고+연1~2회",IF(AC2&AG2="CZ","CZ - 재고없음+단종검토","")))))))))"
A34: 29 | B34: 단종예정 | C34: ABC33 | I34: 겨울 | J34: 355 | K34: 232 | L34: 62 | M34: 36 | N34: 16 | O34: 15 | P34: 7 | Q34: 3 | R34: 41 | S34: 261 | T34: 586 | U34: 361 | V34: 28242 | W34: =SUM(J34:U34) -> 1975 | X34: =AVERAGE(S34:U34) -> 402.66667 | Y34: =(S34+T34+U34)*V34 -> 34116336 | Z34: =W34*V34 -> 55777950 | AA34: =Z34/SUM($Z$2:$Z$100) -> 0.010708082 | AB34: =SUM($AA$2:AA34) -> 0.62280944 | AC34: =IF(AB34<=70%,"A",IF(AB34<=90%,"B","C")) -> A | AD34: =AVERAGE(J34:U34) -> 164.58333 | AE34: =IFERROR(_xludf.STDEV.S(IF(J34=0,"",J34),IF(K34=0,"",K34),IF(L34=0,"",L34),IF(M34=0,"",M34),IF(N34=0,"",N34),IF(O34=0,"",O34),IF(P34=0,"",P34),IF(Q34=0,"",Q34),IF(R34=0,"",R34),IF(S34=0,"",S34),IF(T34=0,"",T34),IF(U34=0,"",U34)),0) -> 0 | AF34: =IF(AD34=0,0,AE34/AD34) -> 0 | AG34: =IF(AF34<0.5,"X",IF(AF34<=1,"Y","Z")) -> X | AH34: =AC34&AG34 -> AX | AI34: =IF(AH34="CZ",0%,IF(AH34="BZ",0%,IF(AH34="CY",5%,IF(I34="사계절",10%,IF(I34="봄",20%,IF(I34="여름",0%,IF(I34="가을",0%,IF(I34="겨울",0%,10%)))))))) -> 0 | AJ34: =IF(AI34=0,"발주안함","발주") -> 발주안함 | AK34: =IF(AC34="A",IF(AG34="X","AX - 중간재고+월1회(LCL)",IF(AG34="Y","AY - 낮은재고+격주1회","AZ - 중단")),IF(AC34="B",IF(AG34="X","BX - 낮은재고+격월1회",IF(AG34="Y","BY - 최소재고+분기1회","BZ - 중단")),IF(AG34="X","CX - 중단(재고소진만)",IF(AG34="Y","CY - 중단(재고소진만)","CZ - 즉시단종")))) -> AX - 중간재고+월1회(LCL)
A35: 41 | B35: 단종예정 | C35: ABC34 | I35: 여름 | J35: 0 | K35: 0 | L35: 0 | M35: 44 | N35: 289 | O35: 979 | P35: 1407 | Q35: 784 | R35: 296 | S35: 77 | T35: 87 | U35: 41 | V35: 13910 | W35: =SUM(J35:U35) -> 4004 | X35: =AVERAGE(S35:U35) -> 68.333333 | Y35: =(S35+T35+U35)*V35 -> 2851550 | Z35: =W35*V35 -> 55695640 | AA35: =Z35/SUM($Z$2:$Z$100) -> 0.01069228 | AB35: =SUM($AA$2:AA35) -> 0.63350172 | AC35: =IF(AB35<=70%,"A",IF(AB35<=90%,"B","C")) -> A | AD35: =AVERAGE(M35:S35) -> 553.71429 | AE35: =_xlfn.STDEV.S(M35:S35) -> 514.06086 | AF35: =IF(AD35=0,0,AE35/AD35) -> 0.92838649 | AG35: =IF(AF35<0.5,"X",IF(AF35<=1,"Y","Z")) -> Y | AH35: =AC35&AG35 -> AY | AI35: =IF(AH35="CZ",0%,IF(AH35="BZ",0%,IF(AH35="CY",5%,IF(I35="사계절",10%,IF(I35="봄",20%,IF(I35="여름",0%,IF(I35="가을",0%,IF(I35="겨울",0%,10%)))))))) -> 0 | AJ35: =IF(AI35=0,"발주안함","발주") -> 발주안함 | AK35: =IF(AC35="A",IF(AG35="X","AX - 중간재고+월1회(LCL)",IF(AG35="Y","AY - 낮은재고+격주1회","AZ - 중단")),IF(AC35="B",IF(AG35="X","BX - 낮은재고+격월1회",IF(AG35="Y","BY - 최소재고+분기1회","BZ - 중단")),IF(AG35="X","CX - 중단(재고소진만)",IF(AG35="Y","CY - 중단(재고소진만)","CZ - 즉시단종")))) -> AY - 낮은재고+격주1회 | AS35: 위기상황 경우 (현재적용중)
A36: 31 | B36: 단종예정 | C36: ABC35 | I36: 사계절 | J36: 206 | K36: 335 | L36: 583 | M36: 575 | N36: 317 | O36: 167 | P36: 108 | Q36: 143 | R36: 207 | S36: 332 | T36: 378 | U36: 300 | V36: 14655 | W36: =SUM(J36:U36) -> 3651 | X36: =AVERAGE(S36:U36) -> 336.66667 | Y36: =(S36+T36+U36)*V36 -> 14801550 | Z36: =W36*V36 -> 53505405 | AA36: =Z36/SUM($Z$2:$Z$100) -> 0.010271806 | AB36: =SUM($AA$2:AA36) -> 0.64377353 | AC36: =IF(AB36<=70%,"A",IF(AB36<=90%,"B","C")) -> A | AD36: =AVERAGE(J36:U36) -> 304.25 | AE36: =_xlfn.STDEV.P(J36:U36) -> 147.42406 | AF36: =IF(AD36=0,0,AE36/AD36) -> 0.4845491 | AG36: =IF(AF36<0.5,"X",IF(AF36<=1,"Y","Z")) -> X | AH36: =AC36&AG36 -> AX | AI36: =IF(AH36="CZ",0%,IF(AH36="BZ",0%,IF(AH36="CY",5%,IF(I36="사계절",10%,IF(I36="봄",20%,IF(I36="여름",0%,IF(I36="가을",0%,IF(I36="겨울",0%,10%)))))))) -> 0.1 | AJ36: =IF(AI36=0,"발주안함","발주") -> 발주 | AK36: =IF(AC36="A",IF(AG36="X","AX - 중간재고+월1회(LCL)",IF(AG36="Y","AY - 낮은재고+격주1회","AZ - 중단")),IF(AC36="B",IF(AG36="X","BX - 낮은재고+격월1회",IF(AG36="Y","BY - 최소재고+분기1회","BZ - 중단")),IF(AG36="X","CX - 중단(재고소진만)",IF(AG36="Y","CY - 중단(재고소진만)","CZ - 즉시단종")))) -> AX - 중간재고+월1회(LCL) | AS36: "=IF(AC2="A",IF(AG2="X","AX - 중간재고+월1회(LCL)",IF(AG2="Y","AY - 낮은재고+격주1회","AZ - 중단")),IF(AC2="B",IF(AG2="X","BX - 낮은재고+격월1회",IF(AG2="Y","BY - 최소재고+분기1회","BZ - 중단")),IF(AG2="X","CX - 중단(재고소진만)",IF(AG2="Y","CY - 중단(재고소진만)","CZ - 즉시단종"))))"
A37: 32 | B37: 단종예정 | C37: ABC36 | I37: 사계절 | J37: 93 | K37: 142 | L37: 150 | M37: 111 | N37: 51 | O37: 50 | P37: 40 | Q37: 49 | R37: 65 | S37: 82 | T37: 50 | U37: 48 | V37: 56608 | W37: =SUM(J37:U37) -> 931 | X37: =AVERAGE(S37:U37) -> 60 | Y37: =(S37+T37+U37)*V37 -> 10189440 | Z37: =W37*V37 -> 52702048 | AA37: =Z37/SUM($Z$2:$Z$100) -> 0.01011758 | AB37: =SUM($AA$2:AA37) -> 0.65389111 | AC37: =IF(AB37<=70%,"A",IF(AB37<=90%,"B","C")) -> A | AD37: =AVERAGE(J37:U37) -> 77.583333 | AE37: =_xlfn.STDEV.P(J37:U37) -> 36.809098 | AF37: =IF(AD37=0,0,AE37/AD37) -> 0.47444595 | AG37: =IF(AF37<0.5,"X",IF(AF37<=1,"Y","Z")) -> X | AH37: =AC37&AG37 -> AX | AI37: =IF(AH37="CZ",0%,IF(AH37="BZ",0%,IF(AH37="CY",5%,IF(I37="사계절",10%,IF(I37="봄",20%,IF(I37="여름",0%,IF(I37="가을",0%,IF(I37="겨울",0%,10%)))))))) -> 0.1 | AJ37: =IF(AI37=0,"발주안함","발주") -> 발주 | AK37: =IF(AC37="A",IF(AG37="X","AX - 중간재고+월1회(LCL)",IF(AG37="Y","AY - 낮은재고+격주1회","AZ - 중단")),IF(AC37="B",IF(AG37="X","BX - 낮은재고+격월1회",IF(AG37="Y","BY - 최소재고+분기1회","BZ - 중단")),IF(AG37="X","CX - 중단(재고소진만)",IF(AG37="Y","CY - 중단(재고소진만)","CZ - 즉시단종")))) -> AX - 중간재고+월1회(LCL)
A38: 30 | B38: 단종예정 | C38: ABC37 | I38: 사계절 | J38: 168 | K38: 503 | L38: 435 | M38: 235 | N38: 137 | O38: 76 | P38: 35 | Q38: 107 | R38: 127 | S38: 224 | T38: 199 | U38: 133 | V38: 22064 | W38: =SUM(J38:U38) -> 2379 | X38: =AVERAGE(S38:U38) -> 185.33333 | Y38: =(S38+T38+U38)*V38 -> 12267584 | Z38: =W38*V38 -> 52490256 | AA38: =Z38/SUM($Z$2:$Z$100) -> 0.010076921 | AB38: =SUM($AA$2:AA38) -> 0.66396803 | AC38: =IF(AB38<=70%,"A",IF(AB38<=90%,"B","C")) -> A | AD38: =AVERAGE(J38:U38) -> 198.25 | AE38: =_xlfn.STDEV.P(J38:U38) -> 133.80964 | AF38: =IF(AD38=0,0,AE38/AD38) -> 0.67495407 | AG38: =IF(AF38<0.5,"X",IF(AF38<=1,"Y","Z")) -> Y | AH38: =AC38&AG38 -> AY | AI38: =IF(AH38="CZ",0%,IF(AH38="BZ",0%,IF(AH38="CY",5%,IF(I38="사계절",10%,IF(I38="봄",20%,IF(I38="여름",0%,IF(I38="가을",0%,IF(I38="겨울",0%,10%)))))))) -> 0.1 | AJ38: =IF(AI38=0,"발주안함","발주") -> 발주 | AK38: =IF(AC38="A",IF(AG38="X","AX - 중간재고+월1회(LCL)",IF(AG38="Y","AY - 낮은재고+격주1회","AZ - 중단")),IF(AC38="B",IF(AG38="X","BX - 낮은재고+격월1회",IF(AG38="Y","BY - 최소재고+분기1회","BZ - 중단")),IF(AG38="X","CX - 중단(재고소진만)",IF(AG38="Y","CY - 중단(재고소진만)","CZ - 즉시단종")))) -> AY - 낮은재고+격주1회
A39: 34 | B39: 단종예정 | C39: ABC38 | I39: 사계절 | J39: 0 | K39: 0 | L39: 0 | M39: 430 | N39: 265 | O39: 155 | P39: 146 | Q39: 159 | R39: 183 | S39: 283 | T39: 229 | U39: 263 | V39: 24620 | W39: =SUM(J39:U39) -> 2113 | X39: =AVERAGE(S39:U39) -> 258.33333 | Y39: =(S39+T39+U39)*V39 -> 19080500 | Z39: =W39*V39 -> 52022060 | AA39: =Z39/SUM($Z$2:$Z$100) -> 0.0099870377 | AB39: =SUM($AA$2:AA39) -> 0.67395506 | AC39: =IF(AB39<=70%,"A",IF(AB39<=90%,"B","C")) -> A | AD39: =AVERAGE(J39:U39) -> 176.08333 | AE39: =_xlfn.STDEV.P(J39:U39) -> 125.45614 | AF39: =IF(AD39=0,0,AE39/AD39) -> 0.71248163 | AG39: =IF(AF39<0.5,"X",IF(AF39<=1,"Y","Z")) -> Y | AH39: =AC39&AG39 -> AY | AI39: =IF(AH39="CZ",0%,IF(AH39="BZ",0%,IF(AH39="CY",5%,IF(I39="사계절",10%,IF(I39="봄",20%,IF(I39="여름",0%,IF(I39="가을",0%,IF(I39="겨울",0%,10%)))))))) -> 0.1 | AJ39: =IF(AI39=0,"발주안함","발주") -> 발주 | AK39: =IF(AC39="A",IF(AG39="X","AX - 중간재고+월1회(LCL)",IF(AG39="Y","AY - 낮은재고+격주1회","AZ - 중단")),IF(AC39="B",IF(AG39="X","BX - 낮은재고+격월1회",IF(AG39="Y","BY - 최소재고+분기1회","BZ - 중단")),IF(AG39="X","CX - 중단(재고소진만)",IF(AG39="Y","CY - 중단(재고소진만)","CZ - 즉시단종")))) -> AY - 낮은재고+격주1회
A40: 35 | B40: 단종예정 | C40: ABC39 | I40: 사계절 | J40: 117 | K40: 134 | L40: 376 | M40: 247 | N40: 367 | O40: 523 | P40: 420 | Q40: 427 | R40: 189 | S40: 0 | T40: 0 | U40: 20 | V40: 18343 | W40: =SUM(J40:U40) -> 2820 | X40: =AVERAGE(S40:U40) -> 6.6666667 | Y40: =(S40+T40+U40)*V40 -> 366860 | Z40: =W40*V40 -> 51727260 | AA40: =Z40/SUM($Z$2:$Z$100) -> 0.0099304429 | AB40: =SUM($AA$2:AA40) -> 0.68388551 | AC40: =IF(AB40<=70%,"A",IF(AB40<=90%,"B","C")) -> A | AD40: =AVERAGE(J40:U40) -> 235 | AE40: =_xlfn.STDEV.P(J40:U40) -> 176.63475 | AF40: =IF(AD40=0,0,AE40/AD40) -> 0.75163722 | AG40: =IF(AF40<0.5,"X",IF(AF40<=1,"Y","Z")) -> Y | AH40: =AC40&AG40 -> AY | AI40: =IF(AH40="CZ",0%,IF(AH40="BZ",0%,IF(AH40="CY",5%,IF(I40="사계절",10%,IF(I40="봄",20%,IF(I40="여름",0%,IF(I40="가을",0%,IF(I40="겨울",0%,10%)))))))) -> 0.1 | AJ40: =IF(AI40=0,"발주안함","발주") -> 발주 | AK40: =IF(AC40="A",IF(AG40="X","AX - 중간재고+월1회(LCL)",IF(AG40="Y","AY - 낮은재고+격주1회","AZ - 중단")),IF(AC40="B",IF(AG40="X","BX - 낮은재고+격월1회",IF(AG40="Y","BY - 최소재고+분기1회","BZ - 중단")),IF(AG40="X","CX - 중단(재고소진만)",IF(AG40="Y","CY - 중단(재고소진만)","CZ - 즉시단종")))) -> AY - 낮은재고+격주1회
A41: 33 | B41: 단종예정 | C41: ABC40 | I41: 사계절 | J41: 275 | K41: 496 | L41: 418 | M41: 229 | N41: 135 | O41: 108 | P41: 64 | Q41: 125 | R41: 261 | S41: 419 | T41: 502 | U41: 492 | V41: 14655 | W41: =SUM(J41:U41) -> 3524 | X41: =AVERAGE(S41:U41) -> 471 | Y41: =(S41+T41+U41)*V41 -> 20707515 | Z41: =W41*V41 -> 51644220 | AA41: =Z41/SUM($Z$2:$Z$100) -> 0.0099145011 | AB41: =SUM($AA$2:AA41) -> 0.69380001 | AC41: =IF(AB41<=70%,"A",IF(AB41<=90%,"B","C")) -> A | AD41: =AVERAGE(J41:U41) -> 293.66667 | AE41: =_xlfn.STDEV.P(J41:U41) -> 158.45206 | AF41: =IF(AD41=0,0,AE41/AD41) -> 0.53956434 | AG41: =IF(AF41<0.5,"X",IF(AF41<=1,"Y","Z")) -> Y | AH41: =AC41&AG41 -> AY | AI41: =IF(AH41="CZ",0%,IF(AH41="BZ",0%,IF(AH41="CY",5%,IF(I41="사계절",10%,IF(I41="봄",20%,IF(I41="여름",0%,IF(I41="가을",0%,IF(I41="겨울",0%,10%)))))))) -> 0.1 | AJ41: =IF(AI41=0,"발주안함","발주") -> 발주 | AK41: =IF(AC41="A",IF(AG41="X","AX - 중간재고+월1회(LCL)",IF(AG41="Y","AY - 낮은재고+격주1회","AZ - 중단")),IF(AC41="B",IF(AG41="X","BX - 낮은재고+격월1회",IF(AG41="Y","BY - 최소재고+분기1회","BZ - 중단")),IF(AG41="X","CX - 중단(재고소진만)",IF(AG41="Y","CY - 중단(재고소진만)","CZ - 즉시단종")))) -> AY - 낮은재고+격주1회
A42: 38 | B42: 단종예정 | C42: ABC41 | I42: 사계절 | J42: 0 | K42: 0 | L42: 0 | M42: 551 | N42: 301 | O42: 161 | P42: 85 | Q42: 96 | R42: 147 | S42: 257 | T42: 191 | U42: 260 | V42: 24620 | W42: =SUM(J42:U42) -> 2049 | X42: =AVERAGE(S42:U42) -> 236 | Y42: =(S42+T42+U42)*V42 -> 17430960 | Z42: =W42*V42 -> 50446380 | AA42: =Z42/SUM($Z$2:$Z$100) -> 0.0096845434 | AB42: =SUM($AA$2:AA42) -> 0.70348455 | AC42: =IF(AB42<=70%,"A",IF(AB42<=90%,"B","C")) -> B | AD42: =AVERAGE(J42:U42) -> 170.75 | AE42: =_xlfn.STDEV.P(J42:U42) -> 152.32538 | AF42: =IF(AD42=0,0,AE42/AD42) -> 0.89209592 | AG42: =IF(AF42<0.5,"X",IF(AF42<=1,"Y","Z")) -> Y | AH42: =AC42&AG42 -> BY | AI42: =IF(AH42="CZ",0%,IF(AH42="BZ",0%,IF(AH42="CY",5%,IF(I42="사계절",10%,IF(I42="봄",20%,IF(I42="여름",0%,IF(I42="가을",0%,IF(I42="겨울",0%,10%)))))))) -> 0.1 | AJ42: =IF(AI42=0,"발주안함","발주") -> 발주 | AK42: =IF(AC42="A",IF(AG42="X","AX - 중간재고+월1회(LCL)",IF(AG42="Y","AY - 낮은재고+격주1회","AZ - 중단")),IF(AC42="B",IF(AG42="X","BX - 낮은재고+격월1회",IF(AG42="Y","BY - 최소재고+분기1회","BZ - 중단")),IF(AG42="X","CX - 중단(재고소진만)",IF(AG42="Y","CY - 중단(재고소진만)","CZ - 즉시단종")))) -> BY - 최소재고+분기1회
A43: 61 | B43: 단종예정 | C43: ABC42 | I43: 여름 | J43: 0 | K43: 0 | L43: 0 | M43: 26 | N43: 165 | O43: 1226 | P43: 1885 | Q43: 218 | R43: 20 | S43: 9 | T43: 9 | U43: 2 | V43: 14046 | W43: =SUM(J43:U43) -> 3560 | X43: =AVERAGE(S43:U43) -> 6.6666667 | Y43: =(S43+T43+U43)*V43 -> 280920 | Z43: =W43*V43 -> 50003760 | AA43: =Z43/SUM($Z$2:$Z$100) -> 0.0095995706 | AB43: =SUM($AA$2:AA43) -> 0.71308412 | AC43: =IF(AB43<=70%,"A",IF(AB43<=90%,"B","C")) -> B | AD43: =AVERAGE(M43:S43) -> 507 | AE43: =_xlfn.STDEV.S(M43:S43) -> 745.30352 | AF43: =IF(AD43=0,0,AE43/AD43) -> 1.4700267 | AG43: =IF(AF43<0.5,"X",IF(AF43<=1,"Y","Z")) -> Z | AH43: =AC43&AG43 -> BZ | AI43: =IF(AH43="CZ",0%,IF(AH43="BZ",0%,IF(AH43="CY",5%,IF(I43="사계절",10%,IF(I43="봄",20%,IF(I43="여름",0%,IF(I43="가을",0%,IF(I43="겨울",0%,10%)))))))) -> 0 | AJ43: =IF(AI43=0,"발주안함","발주") -> 발주안함 | AK43: =IF(AC43="A",IF(AG43="X","AX - 중간재고+월1회(LCL)",IF(AG43="Y","AY - 낮은재고+격주1회","AZ - 중단")),IF(AC43="B",IF(AG43="X","BX - 낮은재고+격월1회",IF(AG43="Y","BY - 최소재고+분기1회","BZ - 중단")),IF(AG43="X","CX - 중단(재고소진만)",IF(AG43="Y","CY - 중단(재고소진만)","CZ - 즉시단종")))) -> BZ - 중단
A44: 39 | B44: 단종예정 | C44: ABC43 | I44: 사계절 | J44: 191 | K44: 430 | L44: 426 | M44: 203 | N44: 131 | O44: 69 | P44: 33 | Q44: 78 | R44: 130 | S44: 164 | T44: 203 | U44: 136 | V44: 22064 | W44: =SUM(J44:U44) -> 2194 | X44: =AVERAGE(S44:U44) -> 167.66667 | Y44: =(S44+T44+U44)*V44 -> 11098192 | Z44: =W44*V44 -> 48408416 | AA44: =Z44/SUM($Z$2:$Z$100) -> 0.0092933012 | AB44: =SUM($AA$2:AA44) -> 0.72237742 | AC44: =IF(AB44<=70%,"A",IF(AB44<=90%,"B","C")) -> B | AD44: =AVERAGE(J44:U44) -> 182.83333 | AE44: =_xlfn.STDEV.P(J44:U44) -> 120.94271 | AF44: =IF(AD44=0,0,AE44/AD44) -> 0.66149157 | AG44: =IF(AF44<0.5,"X",IF(AF44<=1,"Y","Z")) -> Y | AH44: =AC44&AG44 -> BY | AI44: =IF(AH44="CZ",0%,IF(AH44="BZ",0%,IF(AH44="CY",5%,IF(I44="사계절",10%,IF(I44="봄",20%,IF(I44="여름",0%,IF(I44="가을",0%,IF(I44="겨울",0%,10%)))))))) -> 0.1 | AJ44: =IF(AI44=0,"발주안함","발주") -> 발주 | AK44: =IF(AC44="A",IF(AG44="X","AX - 중간재고+월1회(LCL)",IF(AG44="Y","AY - 낮은재고+격주1회","AZ - 중단")),IF(AC44="B",IF(AG44="X","BX - 낮은재고+격월1회",IF(AG44="Y","BY - 최소재고+분기1회","BZ - 중단")),IF(AG44="X","CX - 중단(재고소진만)",IF(AG44="Y","CY - 중단(재고소진만)","CZ - 즉시단종")))) -> BY - 최소재고+분기1회
A45: 42 | B45: 단종예정 | C45: ABC44 | I45: 사계절 | J45: 1899 | K45: 2039 | L45: 1509 | M45: 1151 | N45: 638 | O45: 627 | P45: 356 | Q45: 273 | R45: 940 | S45: 1227 | T45: 1919 | U45: 1346 | V45: 3364 | W45: =SUM(J45:U45) -> 13924 | X45: =AVERAGE(S45:U45) -> 1497.3333 | Y45: =(S45+T45+U45)*V45 -> 15111088 | Z45: =W45*V45 -> 46840336 | AA45: =Z45/SUM($Z$2:$Z$100) -> 0.008992266 | AB45: =SUM($AA$2:AA45) -> 0.73136969 | AC45: =IF(AB45<=70%,"A",IF(AB45<=90%,"B","C")) -> B | AD45: =AVERAGE(J45:U45) -> 1160.3333 | AE45: =_xlfn.STDEV.P(J45:U45) -> 584.09236 | AF45: =IF(AD45=0,0,AE45/AD45) -> 0.50338325 | AG45: =IF(AF45<0.5,"X",IF(AF45<=1,"Y","Z")) -> Y | AH45: =AC45&AG45 -> BY | AI45: =IF(AH45="CZ",0%,IF(AH45="BZ",0%,IF(AH45="CY",5%,IF(I45="사계절",10%,IF(I45="봄",20%,IF(I45="여름",0%,IF(I45="가을",0%,IF(I45="겨울",0%,10%)))))))) -> 0.1 | AJ45: =IF(AI45=0,"발주안함","발주") -> 발주 | AK45: =IF(AC45="A",IF(AG45="X","AX - 중간재고+월1회(LCL)",IF(AG45="Y","AY - 낮은재고+격주1회","AZ - 중단")),IF(AC45="B",IF(AG45="X","BX - 낮은재고+격월1회",IF(AG45="Y","BY - 최소재고+분기1회","BZ - 중단")),IF(AG45="X","CX - 중단(재고소진만)",IF(AG45="Y","CY - 중단(재고소진만)","CZ - 즉시단종")))) -> BY - 최소재고+분기1회
A46: 40 | B46: 단종예정 | C46: ABC45 | I46: 사계절 | J46: 158 | K46: 232 | L46: 239 | M46: 227 | N46: 118 | O46: 69 | P46: 81 | Q46: 152 | R46: 99 | S46: 137 | T46: 129 | U46: 77 | V46: 26893 | W46: =SUM(J46:U46) -> 1718 | X46: =AVERAGE(S46:U46) -> 114.33333 | Y46: =(S46+T46+U46)*V46 -> 9224299 | Z46: =W46*V46 -> 46202174 | AA46: =Z46/SUM($Z$2:$Z$100) -> 0.0088697536 | AB46: =SUM($AA$2:AA46) -> 0.74023944 | AC46: =IF(AB46<=70%,"A",IF(AB46<=90%,"B","C")) -> B | AD46: =AVERAGE(J46:U46) -> 143.16667 | AE46: =_xlfn.STDEV.P(J46:U46) -> 58.429207 | AF46: =IF(AD46=0,0,AE46/AD46) -> 0.40812019 | AG46: =IF(AF46<0.5,"X",IF(AF46<=1,"Y","Z")) -> X | AH46: =AC46&AG46 -> BX | AI46: =IF(AH46="CZ",0%,IF(AH46="BZ",0%,IF(AH46="CY",5%,IF(I46="사계절",10%,IF(I46="봄",20%,IF(I46="여름",0%,IF(I46="가을",0%,IF(I46="겨울",0%,10%)))))))) -> 0.1 | AJ46: =IF(AI46=0,"발주안함","발주") -> 발주 | AK46: =IF(AC46="A",IF(AG46="X","AX - 중간재고+월1회(LCL)",IF(AG46="Y","AY - 낮은재고+격주1회","AZ - 중단")),IF(AC46="B",IF(AG46="X","BX - 낮은재고+격월1회",IF(AG46="Y","BY - 최소재고+분기1회","BZ - 중단")),IF(AG46="X","CX - 중단(재고소진만)",IF(AG46="Y","CY - 중단(재고소진만)","CZ - 즉시단종")))) -> BX - 낮은재고+격월1회
A47: 43 | B47: 단종예정 | C47: ABC46 | I47: 사계절 | J47: 0 | K47: 0 | L47: 0 | M47: 526 | N47: 223 | O47: 131 | P47: 98 | Q47: 92 | R47: 92 | S47: 118 | T47: 94 | U47: 113 | V47: 29447 | W47: =SUM(J47:U47) -> 1487 | X47: =AVERAGE(S47:U47) -> 108.33333 | Y47: =(S47+T47+U47)*V47 -> 9570275 | Z47: =W47*V47 -> 43787689 | AA47: =Z47/SUM($Z$2:$Z$100) -> 0.0084062281 | AB47: =SUM($AA$2:AA47) -> 0.74864567 | AC47: =IF(AB47<=70%,"A",IF(AB47<=90%,"B","C")) -> B | AD47: =AVERAGE(J47:U47) -> 123.91667 | AE47: =_xlfn.STDEV.P(J47:U47) -> 135.8194 | AF47: =IF(AD47=0,0,AE47/AD47) -> 1.0960543 | AG47: =IF(AF47<0.5,"X",IF(AF47<=1,"Y","Z")) -> Z | AH47: =AC47&AG47 -> BZ | AI47: =IF(AH47="CZ",0%,IF(AH47="BZ",0%,IF(AH47="CY",5%,IF(I47="사계절",10%,IF(I47="봄",20%,IF(I47="여름",0%,IF(I47="가을",0%,IF(I47="겨울",0%,10%)))))))) -> 0 | AJ47: =IF(AI47=0,"발주안함","발주") -> 발주안함 | AK47: =IF(AC47="A",IF(AG47="X","AX - 중간재고+월1회(LCL)",IF(AG47="Y","AY - 낮은재고+격주1회","AZ - 중단")),IF(AC47="B",IF(AG47="X","BX - 낮은재고+격월1회",IF(AG47="Y","BY - 최소재고+분기1회","BZ - 중단")),IF(AG47="X","CX - 중단(재고소진만)",IF(AG47="Y","CY - 중단(재고소진만)","CZ - 즉시단종")))) -> BZ - 중단
A48: 45 | B48: 단종예정 | C48: ABC47 | I48: 사계절 | J48: 162 | K48: 98 | L48: 140 | M48: 114 | N48: 75 | O48: 147 | P48: 70 | Q48: 58 | R48: 78 | S48: 93 | T48: 64 | U48: 54 | V48: 37499 | W48: =SUM(J48:U48) -> 1153 | X48: =AVERAGE(S48:U48) -> 70.333333 | Y48: =(S48+T48+U48)*V48 -> 7912289 | Z48: =W48*V48 -> 43236347 | AA48: =Z48/SUM($Z$2:$Z$100) -> 0.0083003831 | AB48: =SUM($AA$2:AA48) -> 0.75694605 | AC48: =IF(AB48<=70%,"A",IF(AB48<=90%,"B","C")) -> B | AD48: =AVERAGE(J48:U48) -> 96.083333 | AE48: =_xlfn.STDEV.P(J48:U48) -> 35.24074 | AF48: =IF(AD48=0,0,AE48/AD48) -> 0.36677266 | AG48: =IF(AF48<0.5,"X",IF(AF48<=1,"Y","Z")) -> X | AH48: =AC48&AG48 -> BX | AI48: =IF(AH48="CZ",0%,IF(AH48="BZ",0%,IF(AH48="CY",5%,IF(I48="사계절",10%,IF(I48="봄",20%,IF(I48="여름",0%,IF(I48="가을",0%,IF(I48="겨울",0%,10%)))))))) -> 0.1 | AJ48: =IF(AI48=0,"발주안함","발주") -> 발주 | AK48: =IF(AC48="A",IF(AG48="X","AX - 중간재고+월1회(LCL)",IF(AG48="Y","AY - 낮은재고+격주1회","AZ - 중단")),IF(AC48="B",IF(AG48="X","BX - 낮은재고+격월1회",IF(AG48="Y","BY - 최소재고+분기1회","BZ - 중단")),IF(AG48="X","CX - 중단(재고소진만)",IF(AG48="Y","CY - 중단(재고소진만)","CZ - 즉시단종")))) -> BX - 낮은재고+격월1회
A49: 44 | B49: 단종예정 | C49: ABC48 | I49: 사계절 | J49: 151 | K49: 165 | L49: 213 | M49: 156 | N49: 126 | O49: 58 | P49: 48 | Q49: 81 | R49: 152 | S49: 256 | T49: 113 | U49: 251 | V49: 24107 | W49: =SUM(J49:U49) -> 1770 | X49: =AVERAGE(S49:U49) -> 206.66667 | Y49: =(S49+T49+U49)*V49 -> 14946340 | Z49: =W49*V49 -> 42669390 | AA49: =Z49/SUM($Z$2:$Z$100) -> 0.0081915404 | AB49: =SUM($AA$2:AA49) -> 0.76513759 | AC49: =IF(AB49<=70%,"A",IF(AB49<=90%,"B","C")) -> B | AD49: =AVERAGE(J49:U49) -> 147.5 | AE49: =_xlfn.STDEV.P(J49:U49) -> 65.301225 | AF49: =IF(AD49=0,0,AE49/AD49) -> 0.44272017 | AG49: =IF(AF49<0.5,"X",IF(AF49<=1,"Y","Z")) -> X | AH49: =AC49&AG49 -> BX | AI49: =IF(AH49="CZ",0%,IF(AH49="BZ",0%,IF(AH49="CY",5%,IF(I49="사계절",10%,IF(I49="봄",20%,IF(I49="여름",0%,IF(I49="가을",0%,IF(I49="겨울",0%,10%)))))))) -> 0.1 | AJ49: =IF(AI49=0,"발주안함","발주") -> 발주 | AK49: =IF(AC49="A",IF(AG49="X","AX - 중간재고+월1회(LCL)",IF(AG49="Y","AY - 낮은재고+격주1회","AZ - 중단")),IF(AC49="B",IF(AG49="X","BX - 낮은재고+격월1회",IF(AG49="Y","BY - 최소재고+분기1회","BZ - 중단")),IF(AG49="X","CX - 중단(재고소진만)",IF(AG49="Y","CY - 중단(재고소진만)","CZ - 즉시단종")))) -> BX - 낮은재고+격월1회
A50: 46 | B50: 기존제품 | C50: ABC49 | I50: 사계절 | J50: 2041 | K50: 2212 | L50: 1090 | M50: 804 | N50: 457 | O50: 415 | P50: 216 | Q50: 309 | R50: 760 | S50: 1146 | T50: 1778 | U50: 1389 | V50: 3364 | W50: =SUM(J50:U50) -> 12617 | X50: =AVERAGE(S50:U50) -> 1437.6667 | Y50: =(S50+T50+U50)*V50 -> 14508932 | Z50: =W50*V50 -> 42443588 | AA50: =Z50/SUM($Z$2:$Z$100) -> 0.0081481916 | AB50: =SUM($AA$2:AA50) -> 0.77328579 | AC50: =IF(AB50<=70%,"A",IF(AB50<=90%,"B","C")) -> B | AD50: =AVERAGE(J50:U50) -> 1051.4167 | AE50: =_xlfn.STDEV.P(J50:U50) -> 653.97177 | AF50: =IF(AD50=0,0,AE50/AD50) -> 0.62199106 | AG50: =IF(AF50<0.5,"X",IF(AF50<=1,"Y","Z")) -> Y | AH50: =AC50&AG50 -> BY | AI50: =IF(AH50="CZ",0%,IF(AH50="BZ",0%,IF(AH50="CY",5%,IF(I50="사계절",10%,IF(I50="봄",20%,IF(I50="여름",0%,IF(I50="가을",0%,IF(I50="겨울",0%,10%)))))))) -> 0.1 | AJ50: =IF(AI50=0,"발주안함","발주") -> 발주 | AK50: =IF(AC50="A",IF(AG50="X","AX - 중간재고+월1회(LCL)",IF(AG50="Y","AY - 낮은재고+격주1회","AZ - 중단")),IF(AC50="B",IF(AG50="X","BX - 낮은재고+격월1회",IF(AG50="Y","BY - 최소재고+분기1회","BZ - 중단")),IF(AG50="X","CX - 중단(재고소진만)",IF(AG50="Y","CY - 중단(재고소진만)","CZ - 즉시단종")))) -> BY - 최소재고+분기1회
A51: 47 | B51: 기존제품 | C51: ABC50 | I51: 사계절 | J51: 0 | K51: 0 | L51: 0 | M51: 463 | N51: 253 | O51: 122 | P51: 80 | Q51: 112 | R51: 117 | S51: 183 | T51: 173 | U51: 182 | V51: 24620 | W51: =SUM(J51:U51) -> 1685 | X51: =AVERAGE(S51:U51) -> 179.33333 | Y51: =(S51+T51+U51)*V51 -> 13245560 | Z51: =W51*V51 -> 41484700 | AA51: =Z51/SUM($Z$2:$Z$100) -> 0.0079641072 | AB51: =SUM($AA$2:AA51) -> 0.78124989 | AC51: =IF(AB51<=70%,"A",IF(AB51<=90%,"B","C")) -> B | AD51: =AVERAGE(J51:U51) -> 140.41667 | AE51: =_xlfn.STDEV.P(J51:U51) -> 124.44373 | AF51: =IF(AD51=0,0,AE51/AD51) -> 0.88624618 | AG51: =IF(AF51<0.5,"X",IF(AF51<=1,"Y","Z")) -> Y | AH51: =AC51&AG51 -> BY | AI51: =IF(AH51="CZ",0%,IF(AH51="BZ",0%,IF(AH51="CY",5%,IF(I51="사계절",10%,IF(I51="봄",20%,IF(I51="여름",0%,IF(I51="가을",0%,IF(I51="겨울",0%,10%)))))))) -> 0.1 | AJ51: =IF(AI51=0,"발주안함","발주") -> 발주 | AK51: =IF(AC51="A",IF(AG51="X","AX - 중간재고+월1회(LCL)",IF(AG51="Y","AY - 낮은재고+격주1회","AZ - 중단")),IF(AC51="B",IF(AG51="X","BX - 낮은재고+격월1회",IF(AG51="Y","BY - 최소재고+분기1회","BZ - 중단")),IF(AG51="X","CX - 중단(재고소진만)",IF(AG51="Y","CY - 중단(재고소진만)","CZ - 즉시단종")))) -> BY - 최소재고+분기1회
A52: 48 | B52: 기존제품 | C52: ABC51 | I52: 사계절 | J52: 132 | K52: 237 | L52: 304 | M52: 195 | N52: 111 | O52: 58 | P52: 33 | Q52: 45 | R52: 94 | S52: 131 | T52: 126 | U52: 76 | V52: 26893 | W52: =SUM(J52:U52) -> 1542 | X52: =AVERAGE(S52:U52) -> 111 | Y52: =(S52+T52+U52)*V52 -> 8955369 | Z52: =W52*V52 -> 41469006 | AA52: =Z52/SUM($Z$2:$Z$100) -> 0.0079610943 | AB52: =SUM($AA$2:AA52) -> 0.78921099 | AC52: =IF(AB52<=70%,"A",IF(AB52<=90%,"B","C")) -> B | AD52: =AVERAGE(J52:U52) -> 128.5 | AE52: =_xlfn.STDEV.P(J52:U52) -> 77.639659 | AF52: =IF(AD52=0,0,AE52/AD52) -> 0.60419968 | AG52: =IF(AF52<0.5,"X",IF(AF52<=1,"Y","Z")) -> Y | AH52: =AC52&AG52 -> BY | AI52: =IF(AH52="CZ",0%,IF(AH52="BZ",0%,IF(AH52="CY",5%,IF(I52="사계절",10%,IF(I52="봄",20%,IF(I52="여름",0%,IF(I52="가을",0%,IF(I52="겨울",0%,10%)))))))) -> 0.1 | AJ52: =IF(AI52=0,"발주안함","발주") -> 발주 | AK52: =IF(AC52="A",IF(AG52="X","AX - 중간재고+월1회(LCL)",IF(AG52="Y","AY - 낮은재고+격주1회","AZ - 중단")),IF(AC52="B",IF(AG52="X","BX - 낮은재고+격월1회",IF(AG52="Y","BY - 최소재고+분기1회","BZ - 중단")),IF(AG52="X","CX - 중단(재고소진만)",IF(AG52="Y","CY - 중단(재고소진만)","CZ - 즉시단종")))) -> BY - 최소재고+분기1회
A53: 79 | B53: 기존제품 | C53: ABC52 | I53: 여름 | J53: 0 | K53: 0 | L53: 0 | M53: 14 | N53: 65 | O53: 741 | P53: 1735 | Q53: 244 | R53: 38 | S53: 7 | T53: 7 | U53: 4 | V53: 14434 | W53: =SUM(J53:U53) -> 2855 | X53: =AVERAGE(S53:U53) -> 6 | Y53: =(S53+T53+U53)*V53 -> 259812 | Z53: =W53*V53 -> 41209070 | AA53: =Z53/SUM($Z$2:$Z$100) -> 0.0079111926 | AB53: =SUM($AA$2:AA53) -> 0.79712218 | AC53: =IF(AB53<=70%,"A",IF(AB53<=90%,"B","C")) -> B | AD53: =AVERAGE(M53:S53) -> 406.28571 | AE53: =_xlfn.STDEV.S(M53:S53) -> 641.51896 | AF53: =IF(AD53=0,0,AE53/AD53) -> 1.5789848 | AG53: =IF(AF53<0.5,"X",IF(AF53<=1,"Y","Z")) -> Z | AH53: =AC53&AG53 -> BZ | AI53: =IF(AH53="CZ",0%,IF(AH53="BZ",0%,IF(AH53="CY",5%,IF(I53="사계절",10%,IF(I53="봄",20%,IF(I53="여름",0%,IF(I53="가을",0%,IF(I53="겨울",0%,10%)))))))) -> 0 | AJ53: =IF(AI53=0,"발주안함","발주") -> 발주안함 | AK53: =IF(AC53="A",IF(AG53="X","AX - 중간재고+월1회(LCL)",IF(AG53="Y","AY - 낮은재고+격주1회","AZ - 중단")),IF(AC53="B",IF(AG53="X","BX - 낮은재고+격월1회",IF(AG53="Y","BY - 최소재고+분기1회","BZ - 중단")),IF(AG53="X","CX - 중단(재고소진만)",IF(AG53="Y","CY - 중단(재고소진만)","CZ - 즉시단종")))) -> BZ - 중단
A54: 49 | B54: 기존제품 | C54: ABC53 | I54: 사계절 | J54: 0 | K54: 0 | L54: 0 | M54: 371 | N54: 196 | O54: 136 | P54: 129 | Q54: 77 | R54: 76 | S54: 126 | T54: 87 | U54: 128 | V54: 29447 | W54: =SUM(J54:U54) -> 1326 | X54: =AVERAGE(S54:U54) -> 113.66667 | Y54: =(S54+T54+U54)*V54 -> 10041427 | Z54: =W54*V54 -> 39046722 | AA54: =Z54/SUM($Z$2:$Z$100) -> 0.0074960716 | AB54: =SUM($AA$2:AA54) -> 0.80461825 | AC54: =IF(AB54<=70%,"A",IF(AB54<=90%,"B","C")) -> B | AD54: =AVERAGE(J54:U54) -> 110.5 | AE54: =_xlfn.STDEV.P(J54:U54) -> 98.406047 | AF54: =IF(AD54=0,0,AE54/AD54) -> 0.89055246 | AG54: =IF(AF54<0.5,"X",IF(AF54<=1,"Y","Z")) -> Y | AH54: =AC54&AG54 -> BY | AI54: =IF(AH54="CZ",0%,IF(AH54="BZ",0%,IF(AH54="CY",5%,IF(I54="사계절",10%,IF(I54="봄",20%,IF(I54="여름",0%,IF(I54="가을",0%,IF(I54="겨울",0%,10%)))))))) -> 0.1 | AJ54: =IF(AI54=0,"발주안함","발주") -> 발주 | AK54: =IF(AC54="A",IF(AG54="X","AX - 중간재고+월1회(LCL)",IF(AG54="Y","AY - 낮은재고+격주1회","AZ - 중단")),IF(AC54="B",IF(AG54="X","BX - 낮은재고+격월1회",IF(AG54="Y","BY - 최소재고+분기1회","BZ - 중단")),IF(AG54="X","CX - 중단(재고소진만)",IF(AG54="Y","CY - 중단(재고소진만)","CZ - 즉시단종")))) -> BY - 최소재고+분기1회
A55: 53 | B55: 기존제품 | C55: ABC54 | I55: 여름 | J55: 0 | K55: 0 | L55: 0 | M55: 546 | N55: 1664 | O55: 2106 | P55: 2577 | Q55: 1081 | R55: 311 | S55: 39 | T55: 30 | U55: 18 | V55: 4350 | W55: =SUM(J55:U55) -> 8372 | X55: =AVERAGE(S55:U55) -> 29 | Y55: =(S55+T55+U55)*V55 -> 378450 | Z55: =W55*V55 -> 36418200 | AA55: =Z55/SUM($Z$2:$Z$100) -> 0.0069914559 | AB55: =SUM($AA$2:AA55) -> 0.81160971 | AC55: =IF(AB55<=70%,"A",IF(AB55<=90%,"B","C")) -> B | AD55: =AVERAGE(M55:S55) -> 1189.1429 | AE55: =_xlfn.STDEV.S(M55:S55) -> 958.4323 | AF55: =IF(AD55=0,0,AE55/AD55) -> 0.80598584 | AG55: =IF(AF55<0.5,"X",IF(AF55<=1,"Y","Z")) -> Y | AH55: =AC55&AG55 -> BY | AI55: =IF(AH55="CZ",0%,IF(AH55="BZ",0%,IF(AH55="CY",5%,IF(I55="사계절",10%,IF(I55="봄",20%,IF(I55="여름",0%,IF(I55="가을",0%,IF(I55="겨울",0%,10%)))))))) -> 0 | AJ55: =IF(AI55=0,"발주안함","발주") -> 발주안함 | AK55: =IF(AC55="A",IF(AG55="X","AX - 중간재고+월1회(LCL)",IF(AG55="Y","AY - 낮은재고+격주1회","AZ - 중단")),IF(AC55="B",IF(AG55="X","BX - 낮은재고+격월1회",IF(AG55="Y","BY - 최소재고+분기1회","BZ - 중단")),IF(AG55="X","CX - 중단(재고소진만)",IF(AG55="Y","CY - 중단(재고소진만)","CZ - 즉시단종")))) -> BY - 최소재고+분기1회
A56: 51 | B56: 기존제품 | C56: ABC55 | I56: 사계절 | J56: 103 | K56: 120 | L56: 146 | M56: 102 | N56: 81 | O56: 38 | P56: 34 | Q56: 78 | R56: 98 | S56: 84 | T56: 71 | U56: 113 | V56: 30093 | W56: =SUM(J56:U56) -> 1068 | X56: =AVERAGE(S56:U56) -> 89.333333 | Y56: =(S56+T56+U56)*V56 -> 8064924 | Z56: =W56*V56 -> 32139324 | AA56: =Z56/SUM($Z$2:$Z$100) -> 0.0061700102 | AB56: =SUM($AA$2:AA56) -> 0.81777972 | AC56: =IF(AB56<=70%,"A",IF(AB56<=90%,"B","C")) -> B | AD56: =AVERAGE(J56:U56) -> 89 | AE56: =_xlfn.STDEV.P(J56:U56) -> 30.811253 | AF56: =IF(AD56=0,0,AE56/AD56) -> 0.34619386 | AG56: =IF(AF56<0.5,"X",IF(AF56<=1,"Y","Z")) -> X | AH56: =AC56&AG56 -> BX | AI56: =IF(AH56="CZ",0%,IF(AH56="BZ",0%,IF(AH56="CY",5%,IF(I56="사계절",10%,IF(I56="봄",20%,IF(I56="여름",0%,IF(I56="가을",0%,IF(I56="겨울",0%,10%)))))))) -> 0.1 | AJ56: =IF(AI56=0,"발주안함","발주") -> 발주 | AK56: =IF(AC56="A",IF(AG56="X","AX - 중간재고+월1회(LCL)",IF(AG56="Y","AY - 낮은재고+격주1회","AZ - 중단")),IF(AC56="B",IF(AG56="X","BX - 낮은재고+격월1회",IF(AG56="Y","BY - 최소재고+분기1회","BZ - 중단")),IF(AG56="X","CX - 중단(재고소진만)",IF(AG56="Y","CY - 중단(재고소진만)","CZ - 즉시단종")))) -> BX - 낮은재고+격월1회
A57: 52 | B57: 기존제품 | C57: ABC56 | I57: 사계절 | J57: 68 | K57: 61 | L57: 93 | M57: 84 | N57: 60 | O57: 52 | P57: 36 | Q57: 40 | R57: 55 | S57: 42 | T57: 50 | U57: 27 | V57: 48038 | W57: =SUM(J57:U57) -> 668 | X57: =AVERAGE(S57:U57) -> 39.666667 | Y57: =(S57+T57+U57)*V57 -> 5716522 | Z57: =W57*V57 -> 32089384 | AA57: =Z57/SUM($Z$2:$Z$100) -> 0.0061604229 | AB57: =SUM($AA$2:AA57) -> 0.82394014 | AC57: =IF(AB57<=70%,"A",IF(AB57<=90%,"B","C")) -> B | AD57: =AVERAGE(J57:U57) -> 55.666667 | AE57: =_xlfn.STDEV.P(J57:U57) -> 18.445114 | AF57: =IF(AD57=0,0,AE57/AD57) -> 0.33134935 | AG57: =IF(AF57<0.5,"X",IF(AF57<=1,"Y","Z")) -> X | AH57: =AC57&AG57 -> BX | AI57: =IF(AH57="CZ",0%,IF(AH57="BZ",0%,IF(AH57="CY",5%,IF(I57="사계절",10%,IF(I57="봄",20%,IF(I57="여름",0%,IF(I57="가을",0%,IF(I57="겨울",0%,10%)))))))) -> 0.1 | AJ57: =IF(AI57=0,"발주안함","발주") -> 발주 | AK57: =IF(AC57="A",IF(AG57="X","AX - 중간재고+월1회(LCL)",IF(AG57="Y","AY - 낮은재고+격주1회","AZ - 중단")),IF(AC57="B",IF(AG57="X","BX - 낮은재고+격월1회",IF(AG57="Y","BY - 최소재고+분기1회","BZ - 중단")),IF(AG57="X","CX - 중단(재고소진만)",IF(AG57="Y","CY - 중단(재고소진만)","CZ - 즉시단종")))) -> BX - 낮은재고+격월1회
A58: 55 | B58: 기존제품 | C58: ABC57 | I58: 사계절 | J58: 40 | K58: 52 | L58: 212 | M58: 224 | N58: 138 | O58: 90 | P58: 84 | Q58: 67 | R58: 81 | S58: 102 | T58: 66 | U58: 67 | V58: 24107 | W58: =SUM(J58:U58) -> 1223 | X58: =AVERAGE(S58:U58) -> 78.333333 | Y58: =(S58+T58+U58)*V58 -> 5665145 | Z58: =W58*V58 -> 29482861 | AA58: =Z58/SUM($Z$2:$Z$100) -> 0.0056600305 | AB58: =SUM($AA$2:AA58) -> 0.82960017 | AC58: =IF(AB58<=70%,"A",IF(AB58<=90%,"B","C")) -> B | AD58: =AVERAGE(J58:U58) -> 101.91667 | AE58: =_xlfn.STDEV.P(J58:U58) -> 57.212263 | AF58: =IF(AD58=0,0,AE58/AD58) -> 0.56136317 | AG58: =IF(AF58<0.5,"X",IF(AF58<=1,"Y","Z")) -> Y | AH58: =AC58&AG58 -> BY | AI58: =IF(AH58="CZ",0%,IF(AH58="BZ",0%,IF(AH58="CY",5%,IF(I58="사계절",10%,IF(I58="봄",20%,IF(I58="여름",0%,IF(I58="가을",0%,IF(I58="겨울",0%,10%)))))))) -> 0.1 | AJ58: =IF(AI58=0,"발주안함","발주") -> 발주 | AK58: =IF(AC58="A",IF(AG58="X","AX - 중간재고+월1회(LCL)",IF(AG58="Y","AY - 낮은재고+격주1회","AZ - 중단")),IF(AC58="B",IF(AG58="X","BX - 낮은재고+격월1회",IF(AG58="Y","BY - 최소재고+분기1회","BZ - 중단")),IF(AG58="X","CX - 중단(재고소진만)",IF(AG58="Y","CY - 중단(재고소진만)","CZ - 즉시단종")))) -> BY - 최소재고+분기1회
A59: 54 | B59: 기존제품 | C59: ABC58 | I59: 사계절 | J59: 236 | K59: 113 | L59: 209 | M59: 117 | N59: 81 | O59: 83 | P59: 63 | Q59: 82 | R59: 101 | S59: 91 | T59: 47 | U59: 49 | V59: 22887 | W59: =SUM(J59:U59) -> 1272 | X59: =AVERAGE(S59:U59) -> 62.333333 | Y59: =(S59+T59+U59)*V59 -> 4279869 | Z59: =W59*V59 -> 29112264 | AA59: =Z59/SUM($Z$2:$Z$100) -> 0.0055888844 | AB59: =SUM($AA$2:AA59) -> 0.83518906 | AC59: =IF(AB59<=70%,"A",IF(AB59<=90%,"B","C")) -> B | AD59: =AVERAGE(J59:U59) -> 106 | AE59: =_xlfn.STDEV.P(J59:U59) -> 56.449092 | AF59: =IF(AD59=0,0,AE59/AD59) -> 0.5325386 | AG59: =IF(AF59<0.5,"X",IF(AF59<=1,"Y","Z")) -> Y | AH59: =AC59&AG59 -> BY | AI59: =IF(AH59="CZ",0%,IF(AH59="BZ",0%,IF(AH59="CY",5%,IF(I59="사계절",10%,IF(I59="봄",20%,IF(I59="여름",0%,IF(I59="가을",0%,IF(I59="겨울",0%,10%)))))))) -> 0.1 | AJ59: =IF(AI59=0,"발주안함","발주") -> 발주 | AK59: =IF(AC59="A",IF(AG59="X","AX - 중간재고+월1회(LCL)",IF(AG59="Y","AY - 낮은재고+격주1회","AZ - 중단")),IF(AC59="B",IF(AG59="X","BX - 낮은재고+격월1회",IF(AG59="Y","BY - 최소재고+분기1회","BZ - 중단")),IF(AG59="X","CX - 중단(재고소진만)",IF(AG59="Y","CY - 중단(재고소진만)","CZ - 즉시단종")))) -> BY - 최소재고+분기1회
A60: 56 | B60: 기존제품 | C60: ABC59 | I60: 사계절 | J60: 54 | K60: 66 | L60: 178 | M60: 230 | N60: 83 | O60: 75 | P60: 76 | Q60: 56 | R60: 58 | S60: 89 | T60: 144 | U60: 94 | V60: 24107 | W60: =SUM(J60:U60) -> 1203 | X60: =AVERAGE(S60:U60) -> 109 | Y60: =(S60+T60+U60)*V60 -> 7882989 | Z60: =W60*V60 -> 29000721 | AA60: =Z60/SUM($Z$2:$Z$100) -> 0.0055674707 | AB60: =SUM($AA$2:AA60) -> 0.84075653 | AC60: =IF(AB60<=70%,"A",IF(AB60<=90%,"B","C")) -> B | AD60: =AVERAGE(J60:U60) -> 100.25 | AE60: =_xlfn.STDEV.P(J60:U60) -> 52.86638 | AF60: =IF(AD60=0,0,AE60/AD60) -> 0.52734544 | AG60: =IF(AF60<0.5,"X",IF(AF60<=1,"Y","Z")) -> Y | AH60: =AC60&AG60 -> BY | AI60: =IF(AH60="CZ",0%,IF(AH60="BZ",0%,IF(AH60="CY",5%,IF(I60="사계절",10%,IF(I60="봄",20%,IF(I60="여름",0%,IF(I60="가을",0%,IF(I60="겨울",0%,10%)))))))) -> 0.1 | AJ60: =IF(AI60=0,"발주안함","발주") -> 발주 | AK60: =IF(AC60="A",IF(AG60="X","AX - 중간재고+월1회(LCL)",IF(AG60="Y","AY - 낮은재고+격주1회","AZ - 중단")),IF(AC60="B",IF(AG60="X","BX - 낮은재고+격월1회",IF(AG60="Y","BY - 최소재고+분기1회","BZ - 중단")),IF(AG60="X","CX - 중단(재고소진만)",IF(AG60="Y","CY - 중단(재고소진만)","CZ - 즉시단종")))) -> BY - 최소재고+분기1회
A61: 57 | B61: 기존제품 | C61: ABC60 | I61: 겨울 | J61: 0 | K61: 0 | L61: 0 | M61: 0 | N61: 0 | O61: 0 | P61: 0 | Q61: 0 | R61: 0 | S61: 0 | T61: 625 | U61: 89 | V61: 39794 | W61: =SUM(J61:U61) -> 714 | X61: =AVERAGE(S61:U61) -> 238 | Y61: =(S61+T61+U61)*V61 -> 28412916 | Z61: =W61*V61 -> 28412916 | AA61: =Z61/SUM($Z$2:$Z$100) -> 0.0054546257 | AB61: =SUM($AA$2:AA61) -> 0.84621115 | AC61: =IF(AB61<=70%,"A",IF(AB61<=90%,"B","C")) -> B | AD61: =AVERAGE(J61,K61,R61,S61,T61,U61) -> 119 | AE61: =_xlfn.STDEV.S(J61,K61,R61,S61,T61,U61) -> 250.43163 | AF61: =IF(AD61=0,0,AE61/AD61) -> 2.1044675 | AG61: =IF(AF61<0.5,"X",IF(AF61<=1,"Y","Z")) -> Z | AH61: =AC61&AG61 -> BZ | AI61: =IF(AH61="CZ",0%,IF(AH61="BZ",0%,IF(AH61="CY",5%,IF(I61="사계절",10%,IF(I61="봄",20%,IF(I61="여름",0%,IF(I61="가을",0%,IF(I61="겨울",0%,10%)))))))) -> 0 | AJ61: =IF(AI61=0,"발주안함","발주") -> 발주안함 | AK61: =IF(AC61="A",IF(AG61="X","AX - 중간재고+월1회(LCL)",IF(AG61="Y","AY - 낮은재고+격주1회","AZ - 중단")),IF(AC61="B",IF(AG61="X","BX - 낮은재고+격월1회",IF(AG61="Y","BY - 최소재고+분기1회","BZ - 중단")),IF(AG61="X","CX - 중단(재고소진만)",IF(AG61="Y","CY - 중단(재고소진만)","CZ - 즉시단종")))) -> BZ - 중단
A62: 101 | B62: 기존제품 | C62: ABC61 | I62: 여름 | J62: 0 | K62: 0 | L62: 0 | M62: 21 | N62: 123 | O62: 1008 | P62: 1517 | Q62: 180 | R62: 34 | S62: 19 | T62: 10 | U62: 6 | V62: 9649 | W62: =SUM(J62:U62) -> 2918 | X62: =AVERAGE(S62:U62) -> 11.666667 | Y62: =(S62+T62+U62)*V62 -> 337715 | Z62: =W62*V62 -> 28155782 | AA62: =Z62/SUM($Z$2:$Z$100) -> 0.0054052618 | AB62: =SUM($AA$2:AA62) -> 0.85161641 | AC62: =IF(AB62<=70%,"A",IF(AB62<=90%,"B","C")) -> B | AD62: =AVERAGE(M62:S62) -> 414.57143 | AE62: =_xlfn.STDEV.S(M62:S62) -> 600.52112 | AF62: =IF(AD62=0,0,AE62/AD62) -> 1.4485348 | AG62: =IF(AF62<0.5,"X",IF(AF62<=1,"Y","Z")) -> Z | AH62: =AC62&AG62 -> BZ | AI62: =IF(AH62="CZ",0%,IF(AH62="BZ",0%,IF(AH62="CY",5%,IF(I62="사계절",10%,IF(I62="봄",20%,IF(I62="여름",0%,IF(I62="가을",0%,IF(I62="겨울",0%,10%)))))))) -> 0 | AJ62: =IF(AI62=0,"발주안함","발주") -> 발주안함 | AK62: =IF(AC62="A",IF(AG62="X","AX - 중간재고+월1회(LCL)",IF(AG62="Y","AY - 낮은재고+격주1회","AZ - 중단")),IF(AC62="B",IF(AG62="X","BX - 낮은재고+격월1회",IF(AG62="Y","BY - 최소재고+분기1회","BZ - 중단")),IF(AG62="X","CX - 중단(재고소진만)",IF(AG62="Y","CY - 중단(재고소진만)","CZ - 즉시단종")))) -> BZ - 중단
A63: 60 | B63: 기존제품 | C63: ABC62 | I63: 여름 | J63: 3 | K63: 4 | L63: 31 | M63: 62 | N63: 112 | O63: 156 | P63: 94 | Q63: 84 | R63: 12 | S63: 4 | T63: 1 | U63: 2 | V63: 48857 | W63: =SUM(J63:U63) -> 565 | X63: =AVERAGE(S63:U63) -> 2.3333333 | Y63: =(S63+T63+U63)*V63 -> 341999 | Z63: =W63*V63 -> 27604205 | AA63: =Z63/SUM($Z$2:$Z$100) -> 0.0052993718 | AB63: =SUM($AA$2:AA63) -> 0.85691579 | AC63: =IF(AB63<=70%,"A",IF(AB63<=90%,"B","C")) -> B | AD63: =AVERAGE(M63:S63) -> 74.857143 | AE63: =_xlfn.STDEV.S(M63:S63) -> 54.08459 | AF63: =IF(AD63=0,0,AE63/AD63) -> 0.72250406 | AG63: =IF(AF63<0.5,"X",IF(AF63<=1,"Y","Z")) -> Y | AH63: =AC63&AG63 -> BY | AI63: =IF(AH63="CZ",0%,IF(AH63="BZ",0%,IF(AH63="CY",5%,IF(I63="사계절",10%,IF(I63="봄",20%,IF(I63="여름",0%,IF(I63="가을",0%,IF(I63="겨울",0%,10%)))))))) -> 0 | AJ63: =IF(AI63=0,"발주안함","발주") -> 발주안함 | AK63: =IF(AC63="A",IF(AG63="X","AX - 중간재고+월1회(LCL)",IF(AG63="Y","AY - 낮은재고+격주1회","AZ - 중단")),IF(AC63="B",IF(AG63="X","BX - 낮은재고+격월1회",IF(AG63="Y","BY - 최소재고+분기1회","BZ - 중단")),IF(AG63="X","CX - 중단(재고소진만)",IF(AG63="Y","CY - 중단(재고소진만)","CZ - 즉시단종")))) -> BY - 최소재고+분기1회
A64: 58 | B64: 기존제품 | C64: ABC63 | I64: 사계절 | J64: 0 | K64: 0 | L64: 0 | M64: 495 | N64: 264 | O64: 137 | P64: 74 | Q64: 98 | R64: 130 | S64: 250 | T64: 175 | U64: 232 | V64: 14655 | W64: =SUM(J64:U64) -> 1855 | X64: =AVERAGE(S64:U64) -> 219 | Y64: =(S64+T64+U64)*V64 -> 9628335 | Z64: =W64*V64 -> 27185025 | AA64: =Z64/SUM($Z$2:$Z$100) -> 0.0052188989 | AB64: =SUM($AA$2:AA64) -> 0.86213468 | AC64: =IF(AB64<=70%,"A",IF(AB64<=90%,"B","C")) -> B | AD64: =AVERAGE(J64:U64) -> 154.58333 | AE64: =_xlfn.STDEV.P(J64:U64) -> 137.13343 | AF64: =IF(AD64=0,0,AE64/AD64) -> 0.8871165 | AG64: =IF(AF64<0.5,"X",IF(AF64<=1,"Y","Z")) -> Y | AH64: =AC64&AG64 -> BY | AI64: =IF(AH64="CZ",0%,IF(AH64="BZ",0%,IF(AH64="CY",5%,IF(I64="사계절",10%,IF(I64="봄",20%,IF(I64="여름",0%,IF(I64="가을",0%,IF(I64="겨울",0%,10%)))))))) -> 0.1 | AJ64: =IF(AI64=0,"발주안함","발주") -> 발주 | AK64: =IF(AC64="A",IF(AG64="X","AX - 중간재고+월1회(LCL)",IF(AG64="Y","AY - 낮은재고+격주1회","AZ - 중단")),IF(AC64="B",IF(AG64="X","BX - 낮은재고+격월1회",IF(AG64="Y","BY - 최소재고+분기1회","BZ - 중단")),IF(AG64="X","CX - 중단(재고소진만)",IF(AG64="Y","CY - 중단(재고소진만)","CZ - 즉시단종")))) -> BY - 최소재고+분기1회
A65: 62 | B65: 기존제품 | C65: ABC64 | I65: 사계절 | J65: 0 | K65: 0 | L65: 0 | M65: 386 | N65: 163 | O65: 118 | P65: 65 | Q65: 59 | R65: 60 | S65: 151 | T65: 82 | U65: 103 | V65: 22456 | W65: =SUM(J65:U65) -> 1187 | X65: =AVERAGE(S65:U65) -> 112 | Y65: =(S65+T65+U65)*V65 -> 7545216 | Z65: =W65*V65 -> 26655272 | AA65: =Z65/SUM($Z$2:$Z$100) -> 0.0051171985 | AB65: =SUM($AA$2:AA65) -> 0.86725188 | AC65: =IF(AB65<=70%,"A",IF(AB65<=90%,"B","C")) -> B | AD65: =AVERAGE(J65:U65) -> 98.916667 | AE65: =_xlfn.STDEV.P(J65:U65) -> 101.45398 | AF65: =IF(AD65=0,0,AE65/AD65) -> 1.025651 | AG65: =IF(AF65<0.5,"X",IF(AF65<=1,"Y","Z")) -> Z | AH65: =AC65&AG65 -> BZ | AI65: =IF(AH65="CZ",0%,IF(AH65="BZ",0%,IF(AH65="CY",5%,IF(I65="사계절",10%,IF(I65="봄",20%,IF(I65="여름",0%,IF(I65="가을",0%,IF(I65="겨울",0%,10%)))))))) -> 0 | AJ65: =IF(AI65=0,"발주안함","발주") -> 발주안함 | AK65: =IF(AC65="A",IF(AG65="X","AX - 중간재고+월1회(LCL)",IF(AG65="Y","AY - 낮은재고+격주1회","AZ - 중단")),IF(AC65="B",IF(AG65="X","BX - 낮은재고+격월1회",IF(AG65="Y","BY - 최소재고+분기1회","BZ - 중단")),IF(AG65="X","CX - 중단(재고소진만)",IF(AG65="Y","CY - 중단(재고소진만)","CZ - 즉시단종")))) -> BZ - 중단
A66: 59 | B66: 기존제품 | C66: ABC65 | I66: 사계절 | J66: 117 | K66: 105 | L66: 111 | M66: 82 | N66: 67 | O66: 37 | P66: 35 | Q66: 70 | R66: 98 | S66: 125 | T66: 143 | U66: 101 | V66: 24107 | W66: =SUM(J66:U66) -> 1091 | X66: =AVERAGE(S66:U66) -> 123 | Y66: =(S66+T66+U66)*V66 -> 8895483 | Z66: =W66*V66 -> 26300737 | AA66: =Z66/SUM($Z$2:$Z$100) -> 0.0050491359 | AB66: =SUM($AA$2:AA66) -> 0.87230102 | AC66: =IF(AB66<=70%,"A",IF(AB66<=90%,"B","C")) -> B | AD66: =AVERAGE(J66:U66) -> 90.916667 | AE66: =_xlfn.STDEV.P(J66:U66) -> 32.185551 | AF66: =IF(AD66=0,0,AE66/AD66) -> 0.35401157 | AG66: =IF(AF66<0.5,"X",IF(AF66<=1,"Y","Z")) -> X | AH66: =AC66&AG66 -> BX | AI66: =IF(AH66="CZ",0%,IF(AH66="BZ",0%,IF(AH66="CY",5%,IF(I66="사계절",10%,IF(I66="봄",20%,IF(I66="여름",0%,IF(I66="가을",0%,IF(I66="겨울",0%,10%)))))))) -> 0.1 | AJ66: =IF(AI66=0,"발주안함","발주") -> 발주 | AK66: =IF(AC66="A",IF(AG66="X","AX - 중간재고+월1회(LCL)",IF(AG66="Y","AY - 낮은재고+격주1회","AZ - 중단")),IF(AC66="B",IF(AG66="X","BX - 낮은재고+격월1회",IF(AG66="Y","BY - 최소재고+분기1회","BZ - 중단")),IF(AG66="X","CX - 중단(재고소진만)",IF(AG66="Y","CY - 중단(재고소진만)","CZ - 즉시단종")))) -> BX - 낮은재고+격월1회
A67: 64 | B67: 기존제품 | C67: ABC66 | I67: 사계절 | J67: 241 | K67: 278 | L67: 586 | M67: 282 | N67: 424 | O67: 2 | P67: 2 | Q67: 4 | R67: 130 | S67: 1183 | T67: 334 | U67: 1482 | V67: 5000 | W67: =SUM(J67:U67) -> 4948 | X67: =AVERAGE(S67:U67) -> 999.66667 | Y67: =(S67+T67+U67)*V67 -> 14995000 | Z67: =W67*V67 -> 24740000 | AA67: =Z67/SUM($Z$2:$Z$100) -> 0.0047495104 | AB67: =SUM($AA$2:AA67) -> 0.87705053 | AC67: =IF(AB67<=70%,"A",IF(AB67<=90%,"B","C")) -> B | AD67: =AVERAGE(J67:U67) -> 412.33333 | AE67: =_xlfn.STDEV.P(J67:U67) -> 449.27058 | AF67: =IF(AD67=0,0,AE67/AD67) -> 1.089581 | AG67: =IF(AF67<0.5,"X",IF(AF67<=1,"Y","Z")) -> Z | AH67: =AC67&AG67 -> BZ | AI67: =IF(AH67="CZ",0%,IF(AH67="BZ",0%,IF(AH67="CY",5%,IF(I67="사계절",10%,IF(I67="봄",20%,IF(I67="여름",0%,IF(I67="가을",0%,IF(I67="겨울",0%,10%)))))))) -> 0 | AJ67: =IF(AI67=0,"발주안함","발주") -> 발주안함 | AK67: =IF(AC67="A",IF(AG67="X","AX - 중간재고+월1회(LCL)",IF(AG67="Y","AY - 낮은재고+격주1회","AZ - 중단")),IF(AC67="B",IF(AG67="X","BX - 낮은재고+격월1회",IF(AG67="Y","BY - 최소재고+분기1회","BZ - 중단")),IF(AG67="X","CX - 중단(재고소진만)",IF(AG67="Y","CY - 중단(재고소진만)","CZ - 즉시단종")))) -> BZ - 중단
A68: 67 | B68: 기존제품 | C68: ABC67 | I68: 사계절 | J68: 0 | K68: 0 | L68: 1587 | M68: 1774 | N68: 3323 | O68: 94 | P68: 282 | Q68: 12 | R68: 12 | S68: 92 | T68: 0 | U68: 4 | V68: 3400 | W68: =SUM(J68:U68) -> 7180 | X68: =AVERAGE(S68:U68) -> 32 | Y68: =(S68+T68+U68)*V68 -> 326400 | Z68: =W68*V68 -> 24412000 | AA68: =Z68/SUM($Z$2:$Z$100) -> 0.0046865419 | AB68: =SUM($AA$2:AA68) -> 0.88173707 | AC68: =IF(AB68<=70%,"A",IF(AB68<=90%,"B","C")) -> B | AD68: =AVERAGE(J68:U68) -> 598.33333 | AE68: =_xlfn.STDEV.P(J68:U68) -> 1020.9909 | AF68: =IF(AD68=0,0,AE68/AD68) -> 1.7063915 | AG68: =IF(AF68<0.5,"X",IF(AF68<=1,"Y","Z")) -> Z | AH68: =AC68&AG68 -> BZ | AI68: =IF(AH68="CZ",0%,IF(AH68="BZ",0%,IF(AH68="CY",5%,IF(I68="사계절",10%,IF(I68="봄",20%,IF(I68="여름",0%,IF(I68="가을",0%,IF(I68="겨울",0%,10%)))))))) -> 0 | AJ68: =IF(AI68=0,"발주안함","발주") -> 발주안함 | AK68: =IF(AC68="A",IF(AG68="X","AX - 중간재고+월1회(LCL)",IF(AG68="Y","AY - 낮은재고+격주1회","AZ - 중단")),IF(AC68="B",IF(AG68="X","BX - 낮은재고+격월1회",IF(AG68="Y","BY - 최소재고+분기1회","BZ - 중단")),IF(AG68="X","CX - 중단(재고소진만)",IF(AG68="Y","CY - 중단(재고소진만)","CZ - 즉시단종")))) -> BZ - 중단
A69: 66 | B69: 기존제품 | C69: ABC68 | I69: 사계절 | J69: 0 | K69: 0 | L69: 0 | M69: 284 | N69: 389 | O69: 280 | P69: 175 | Q69: 135 | R69: 100 | S69: 140 | T69: 270 | U69: 317 | V69: 11637 | W69: =SUM(J69:U69) -> 2090 | X69: =AVERAGE(S69:U69) -> 242.33333 | Y69: =(S69+T69+U69)*V69 -> 8460099 | Z69: =W69*V69 -> 24321330 | AA69: =Z69/SUM($Z$2:$Z$100) -> 0.0046691354 | AB69: =SUM($AA$2:AA69) -> 0.88640621 | AC69: =IF(AB69<=70%,"A",IF(AB69<=90%,"B","C")) -> B | AD69: =AVERAGE(J69:U69) -> 174.16667 | AE69: =_xlfn.STDEV.P(J69:U69) -> 128.51967 | AF69: =IF(AD69=0,0,AE69/AD69) -> 0.73791198 | AG69: =IF(AF69<0.5,"X",IF(AF69<=1,"Y","Z")) -> Y | AH69: =AC69&AG69 -> BY | AI69: =IF(AH69="CZ",0%,IF(AH69="BZ",0%,IF(AH69="CY",5%,IF(I69="사계절",10%,IF(I69="봄",20%,IF(I69="여름",0%,IF(I69="가을",0%,IF(I69="겨울",0%,10%)))))))) -> 0.1 | AJ69: =IF(AI69=0,"발주안함","발주") -> 발주 | AK69: =IF(AC69="A",IF(AG69="X","AX - 중간재고+월1회(LCL)",IF(AG69="Y","AY - 낮은재고+격주1회","AZ - 중단")),IF(AC69="B",IF(AG69="X","BX - 낮은재고+격월1회",IF(AG69="Y","BY - 최소재고+분기1회","BZ - 중단")),IF(AG69="X","CX - 중단(재고소진만)",IF(AG69="Y","CY - 중단(재고소진만)","CZ - 즉시단종")))) -> BY - 최소재고+분기1회
A70: 70 | B70: 기존제품 | C70: ABC69 | I70: 사계절 | J70: 0 | K70: 0 | L70: 0 | M70: 327 | N70: 356 | O70: 298 | P70: 187 | Q70: 107 | R70: 88 | S70: 100 | T70: 167 | U70: 164 | V70: 13291 | W70: =SUM(J70:U70) -> 1794 | X70: =AVERAGE(S70:U70) -> 143.66667 | Y70: =(S70+T70+U70)*V70 -> 5728421 | Z70: =W70*V70 -> 23844054 | AA70: =Z70/SUM($Z$2:$Z$100) -> 0.0045775093 | AB70: =SUM($AA$2:AA70) -> 0.89098372 | AC70: =IF(AB70<=70%,"A",IF(AB70<=90%,"B","C")) -> B | AD70: =AVERAGE(J70:U70) -> 149.5 | AE70: =_xlfn.STDEV.P(J70:U70) -> 120.14332 | AF70: =IF(AD70=0,0,AE70/AD70) -> 0.80363423 | AG70: =IF(AF70<0.5,"X",IF(AF70<=1,"Y","Z")) -> Y | AH70: =AC70&AG70 -> BY | AI70: =IF(AH70="CZ",0%,IF(AH70="BZ",0%,IF(AH70="CY",5%,IF(I70="사계절",10%,IF(I70="봄",20%,IF(I70="여름",0%,IF(I70="가을",0%,IF(I70="겨울",0%,10%)))))))) -> 0.1 | AJ70: =IF(AI70=0,"발주안함","발주") -> 발주 | AK70: =IF(AC70="A",IF(AG70="X","AX - 중간재고+월1회(LCL)",IF(AG70="Y","AY - 낮은재고+격주1회","AZ - 중단")),IF(AC70="B",IF(AG70="X","BX - 낮은재고+격월1회",IF(AG70="Y","BY - 최소재고+분기1회","BZ - 중단")),IF(AG70="X","CX - 중단(재고소진만)",IF(AG70="Y","CY - 중단(재고소진만)","CZ - 즉시단종")))) -> BY - 최소재고+분기1회
A71: 65 | B71: 기존제품 | C71: ABC70 | I71: 사계절 | J71: 0 | K71: 0 | L71: 0 | M71: 592 | N71: 234 | O71: 81 | P71: 58 | Q71: 100 | R71: 112 | S71: 132 | T71: 156 | U71: 160 | V71: 14655 | W71: =SUM(J71:U71) -> 1625 | X71: =AVERAGE(S71:U71) -> 149.33333 | Y71: =(S71+T71+U71)*V71 -> 6565440 | Z71: =W71*V71 -> 23814375 | AA71: =Z71/SUM($Z$2:$Z$100) -> 0.0045718117 | AB71: =SUM($AA$2:AA71) -> 0.89555553 | AC71: =IF(AB71<=70%,"A",IF(AB71<=90%,"B","C")) -> B | AD71: =AVERAGE(J71:U71) -> 135.41667 | AE71: =_xlfn.STDEV.P(J71:U71) -> 154.10952 | AF71: =IF(AD71=0,0,AE71/AD71) -> 1.1380395 | AG71: =IF(AF71<0.5,"X",IF(AF71<=1,"Y","Z")) -> Z | AH71: =AC71&AG71 -> BZ | AI71: =IF(AH71="CZ",0%,IF(AH71="BZ",0%,IF(AH71="CY",5%,IF(I71="사계절",10%,IF(I71="봄",20%,IF(I71="여름",0%,IF(I71="가을",0%,IF(I71="겨울",0%,10%)))))))) -> 0 | AJ71: =IF(AI71=0,"발주안함","발주") -> 발주안함 | AK71: =IF(AC71="A",IF(AG71="X","AX - 중간재고+월1회(LCL)",IF(AG71="Y","AY - 낮은재고+격주1회","AZ - 중단")),IF(AC71="B",IF(AG71="X","BX - 낮은재고+격월1회",IF(AG71="Y","BY - 최소재고+분기1회","BZ - 중단")),IF(AG71="X","CX - 중단(재고소진만)",IF(AG71="Y","CY - 중단(재고소진만)","CZ - 즉시단종")))) -> BZ - 중단
A72: 69 | B72: 기존제품 | C72: ABC71 | I72: 사계절 | J72: 0 | K72: 0 | L72: 0 | M72: 173 | N72: 99 | O72: 82 | P72: 57 | Q72: 50 | R72: 64 | S72: 87 | T72: 45 | U72: 56 | V72: 32309 | W72: =SUM(J72:U72) -> 713 | X72: =AVERAGE(S72:U72) -> 62.666667 | Y72: =(S72+T72+U72)*V72 -> 6074092 | Z72: =W72*V72 -> 23036317 | AA72: =Z72/SUM($Z$2:$Z$100) -> 0.0044224424 | AB72: =SUM($AA$2:AA72) -> 0.89997797 | AC72: =IF(AB72<=70%,"A",IF(AB72<=90%,"B","C")) -> B | AD72: =AVERAGE(J72:U72) -> 59.416667 | AE72: =_xlfn.STDEV.P(J72:U72) -> 47.138905 | AF72: =IF(AD72=0,0,AE72/AD72) -> 0.79336166 | AG72: =IF(AF72<0.5,"X",IF(AF72<=1,"Y","Z")) -> Y | AH72: =AC72&AG72 -> BY | AI72: =IF(AH72="CZ",0%,IF(AH72="BZ",0%,IF(AH72="CY",5%,IF(I72="사계절",10%,IF(I72="봄",20%,IF(I72="여름",0%,IF(I72="가을",0%,IF(I72="겨울",0%,10%)))))))) -> 0.1 | AJ72: =IF(AI72=0,"발주안함","발주") -> 발주 | AK72: =IF(AC72="A",IF(AG72="X","AX - 중간재고+월1회(LCL)",IF(AG72="Y","AY - 낮은재고+격주1회","AZ - 중단")),IF(AC72="B",IF(AG72="X","BX - 낮은재고+격월1회",IF(AG72="Y","BY - 최소재고+분기1회","BZ - 중단")),IF(AG72="X","CX - 중단(재고소진만)",IF(AG72="Y","CY - 중단(재고소진만)","CZ - 즉시단종")))) -> BY - 최소재고+분기1회
A73: 68 | B73: 기존제품 | C73: ABC72 | I73: 사계절 | J73: 504 | K73: 1144 | L73: 813 | M73: 1061 | N73: 759 | O73: 245 | P73: 204 | Q73: 255 | R73: 460 | S73: 517 | T73: 432 | U73: 339 | V73: 3364 | W73: =SUM(J73:U73) -> 6733 | X73: =AVERAGE(S73:U73) -> 429.33333 | Y73: =(S73+T73+U73)*V73 -> 4332832 | Z73: =W73*V73 -> 22649812 | AA73: =Z73/SUM($Z$2:$Z$100) -> 0.0043482424 | AB73: =SUM($AA$2:AA73) -> 0.90432621 | AC73: =IF(AB73<=70%,"A",IF(AB73<=90%,"B","C")) -> C | AD73: =AVERAGE(J73:U73) -> 561.08333 | AE73: =_xlfn.STDEV.P(J73:U73) -> 302.05531 | AF73: =IF(AD73=0,0,AE73/AD73) -> 0.53834304 | AG73: =IF(AF73<0.5,"X",IF(AF73<=1,"Y","Z")) -> Y | AH73: =AC73&AG73 -> CY | AI73: =IF(AH73="CZ",0%,IF(AH73="BZ",0%,IF(AH73="CY",5%,IF(I73="사계절",10%,IF(I73="봄",20%,IF(I73="여름",0%,IF(I73="가을",0%,IF(I73="겨울",0%,10%)))))))) -> 0.05 | AJ73: =IF(AI73=0,"발주안함","발주") -> 발주 | AK73: =IF(AC73="A",IF(AG73="X","AX - 중간재고+월1회(LCL)",IF(AG73="Y","AY - 낮은재고+격주1회","AZ - 중단")),IF(AC73="B",IF(AG73="X","BX - 낮은재고+격월1회",IF(AG73="Y","BY - 최소재고+분기1회","BZ - 중단")),IF(AG73="X","CX - 중단(재고소진만)",IF(AG73="Y","CY - 중단(재고소진만)","CZ - 즉시단종")))) -> CY - 중단(재고소진만)
A74: 71 | B74: 기존제품 | C74: ABC73 | I74: 사계절 | J74: 0 | K74: 0 | L74: 0 | M74: 0 | N74: 0 | O74: 0 | P74: 0 | Q74: 0 | R74: 115 | S74: 93 | T74: 429 | U74: 117 | V74: 29918 | W74: =SUM(J74:U74) -> 754 | X74: =AVERAGE(S74:U74) -> 213 | Y74: =(S74+T74+U74)*V74 -> 19117602 | Z74: =W74*V74 -> 22558172 | AA74: =Z74/SUM($Z$2:$Z$100) -> 0.0043306496 | AB74: =SUM($AA$2:AA74) -> 0.90865686 | AC74: =IF(AB74<=70%,"A",IF(AB74<=90%,"B","C")) -> C | AD74: =AVERAGE(J74:U74) -> 62.833333 | AE74: =_xlfn.STDEV.P(J74:U74) -> 119.80111 | AF74: =IF(AD74=0,0,AE74/AD74) -> 1.9066489 | AG74: =IF(AF74<0.5,"X",IF(AF74<=1,"Y","Z")) -> Z | AH74: =AC74&AG74 -> CZ | AI74: =IF(AH74="CZ",0%,IF(AH74="BZ",0%,IF(AH74="CY",5%,IF(I74="사계절",10%,IF(I74="봄",20%,IF(I74="여름",0%,IF(I74="가을",0%,IF(I74="겨울",0%,10%)))))))) -> 0 | AJ74: =IF(AI74=0,"발주안함","발주") -> 발주안함 | AK74: =IF(AC74="A",IF(AG74="X","AX - 중간재고+월1회(LCL)",IF(AG74="Y","AY - 낮은재고+격주1회","AZ - 중단")),IF(AC74="B",IF(AG74="X","BX - 낮은재고+격월1회",IF(AG74="Y","BY - 최소재고+분기1회","BZ - 중단")),IF(AG74="X","CX - 중단(재고소진만)",IF(AG74="Y","CY - 중단(재고소진만)","CZ - 즉시단종")))) -> CZ - 즉시단종
A75: 75 | B75: 기존제품 | C75: ABC74 | I75: 사계절 | J75: 42 | K75: 32 | L75: 91 | M75: 101 | N75: 50 | O75: 44 | P75: 37 | Q75: 18 | R75: 15 | S75: 12 | T75: 128 | U75: 126 | V75: 31265 | W75: =SUM(J75:U75) -> 696 | X75: =AVERAGE(S75:U75) -> 88.666667 | Y75: =(S75+T75+U75)*V75 -> 8316490 | Z75: =W75*V75 -> 21760440 | AA75: =Z75/SUM($Z$2:$Z$100) -> 0.0041775034 | AB75: =SUM($AA$2:AA75) -> 0.91283436 | AC75: =IF(AB75<=70%,"A",IF(AB75<=90%,"B","C")) -> C | AD75: =AVERAGE(J75:U75) -> 58 | AE75: =_xlfn.STDEV.P(J75:U75) -> 40.476331 | AF75: =IF(AD75=0,0,AE75/AD75) -> 0.69786777 | AG75: =IF(AF75<0.5,"X",IF(AF75<=1,"Y","Z")) -> Y | AH75: =AC75&AG75 -> CY | AI75: =IF(AH75="CZ",0%,IF(AH75="BZ",0%,IF(AH75="CY",5%,IF(I75="사계절",10%,IF(I75="봄",20%,IF(I75="여름",0%,IF(I75="가을",0%,IF(I75="겨울",0%,10%)))))))) -> 0.05 | AJ75: =IF(AI75=0,"발주안함","발주") -> 발주 | AK75: =IF(AC75="A",IF(AG75="X","AX - 중간재고+월1회(LCL)",IF(AG75="Y","AY - 낮은재고+격주1회","AZ - 중단")),IF(AC75="B",IF(AG75="X","BX - 낮은재고+격월1회",IF(AG75="Y","BY - 최소재고+분기1회","BZ - 중단")),IF(AG75="X","CX - 중단(재고소진만)",IF(AG75="Y","CY - 중단(재고소진만)","CZ - 즉시단종")))) -> CY - 중단(재고소진만)
... A90: 88 | B90: 기존제품 | C90: ABC89 | I90: 사계절 | J90: 55 | K90: 61 | L90: 44 | M90: 49 | N90: 36 | O90: 23 | P90: 10 | Q90: 15 | R90: 35 | S90: 22 | T90: 30 | U90: 93 | V90: 36596 | W90: =SUM(J90:U90) -> 473 | X90: =AVERAGE(S90:U90) -> 48.333333 | Y90: =(S90+T90+U90)*V90 -> 5306420 | Z90: =W90*V90 -> 17309908 | AA90: =Z90/SUM($Z$2:$Z$100) -> 0.0033231038 | AB90: =SUM($AA$2:AA90) -> 0.96785318 | AC90: =IF(AB90<=70%,"A",IF(AB90<=90%,"B","C")) -> C | AD90: =AVERAGE(J90:U90) -> 39.416667 | AE90: =_xlfn.STDEV.P(J90:U90) -> 22.073583 | AF90: =IF(AD90=0,0,AE90/AD90) -> 0.56000633 | AG90: =IF(AF90<0.5,"X",IF(AF90<=1,"Y","Z")) -> Y | AH90: =AC90&AG90 -> CY | AI90: =IF(AH90="CZ",0%,IF(AH90="BZ",0%,IF(AH90="CY",5%,IF(I90="사계절",10%,IF(I90="봄",20%,IF(I90="여름",0%,IF(I90="가을",0%,IF(I90="겨울",0%,10%)))))))) -> 0.05 | AJ90: =IF(AI90=0,"발주안함","발주") -> 발주 | AK90: =IF(AC90="A",IF(AG90="X","AX - 중간재고+월1회(LCL)",IF(AG90="Y","AY - 낮은재고+격주1회","AZ - 중단")),IF(AC90="B",IF(AG90="X","BX - 낮은재고+격월1회",IF(AG90="Y","BY - 최소재고+분기1회","BZ - 중단")),IF(AG90="X","CX - 중단(재고소진만)",IF(AG90="Y","CY - 중단(재고소진만)","CZ - 즉시단종")))) -> CY - 중단(재고소진만)
A91: 91 | B91: 기존제품 | C91: ABC90 | I91: 겨울 | J91: 3 | K91: 1 | L91: 0 | M91: 1 | N91: 1 | O91: 3 | P91: 0 | Q91: 0 | R91: 3 | S91: 16 | T91: 230 | U91: 354 | V91: 28242 | W91: =SUM(J91:U91) -> 612 | X91: =AVERAGE(S91:U91) -> 200 | Y91: =(S91+T91+U91)*V91 -> 16945200 | Z91: =W91*V91 -> 17284104 | AA91: =Z91/SUM($Z$2:$Z$100) -> 0.00331815 | AB91: =SUM($AA$2:AA91) -> 0.97117133 | AC91: =IF(AB91<=70%,"A",IF(AB91<=90%,"B","C")) -> C | AD91: =AVERAGE(J91:U91) -> 51 | AE91: =_xlfn.STDEV.S(R91:U91) -> 170.85935 | AF91: =IF(AD91=0,0,AE91/AD91) -> 3.3501833 | AG91: =IF(AF91<0.5,"X",IF(AF91<=1,"Y","Z")) -> Z | AH91: =AC91&AG91 -> CZ | AI91: =IF(AH91="CZ",0%,IF(AH91="BZ",0%,IF(AH91="CY",5%,IF(I91="사계절",10%,IF(I91="봄",20%,IF(I91="여름",0%,IF(I91="가을",0%,IF(I91="겨울",0%,10%)))))))) -> 0 | AJ91: =IF(AI91=0,"발주안함","발주") -> 발주안함 | AK91: =IF(AC91="A",IF(AG91="X","AX - 중간재고+월1회(LCL)",IF(AG91="Y","AY - 낮은재고+격주1회","AZ - 중단")),IF(AC91="B",IF(AG91="X","BX - 낮은재고+격월1회",IF(AG91="Y","BY - 최소재고+분기1회","BZ - 중단")),IF(AG91="X","CX - 중단(재고소진만)",IF(AG91="Y","CY - 중단(재고소진만)","CZ - 즉시단종")))) -> CZ - 즉시단종
A92: 86 | B92: 기존제품 | C92: ABC91 | I92: 사계절 | J92: 26 | K92: 24 | L92: 28 | M92: 22 | N92: 34 | O92: 39 | P92: 40 | Q92: 73 | R92: 13 | S92: 21 | T92: 114 | U92: 141 | V92: 29825 | W92: =SUM(J92:U92) -> 575 | X92: =AVERAGE(S92:U92) -> 92 | Y92: =(S92+T92+U92)*V92 -> 8231700 | Z92: =W92*V92 -> 17149375 | AA92: =Z92/SUM($Z$2:$Z$100) -> 0.0032922851 | AB92: =SUM($AA$2:AA92) -> 0.97446362 | AC92: =IF(AB92<=70%,"A",IF(AB92<=90%,"B","C")) -> C | AD92: =AVERAGE(J92:U92) -> 47.916667 | AE92: =_xlfn.STDEV.P(J92:U92) -> 38.795314 | AF92: =IF(AD92=0,0,AE92/AD92) -> 0.80964134 | AG92: =IF(AF92<0.5,"X",IF(AF92<=1,"Y","Z")) -> Y | AH92: =AC92&AG92 -> CY | AI92: =IF(AH92="CZ",0%,IF(AH92="BZ",0%,IF(AH92="CY",5%,IF(I92="사계절",10%,IF(I92="봄",20%,IF(I92="여름",0%,IF(I92="가을",0%,IF(I92="겨울",0%,10%)))))))) -> 0.05 | AJ92: =IF(AI92=0,"발주안함","발주") -> 발주 | AK92: =IF(AC92="A",IF(AG92="X","AX - 중간재고+월1회(LCL)",IF(AG92="Y","AY - 낮은재고+격주1회","AZ - 중단")),IF(AC92="B",IF(AG92="X","BX - 낮은재고+격월1회",IF(AG92="Y","BY - 최소재고+분기1회","BZ - 중단")),IF(AG92="X","CX - 중단(재고소진만)",IF(AG92="Y","CY - 중단(재고소진만)","CZ - 즉시단종")))) -> CY - 중단(재고소진만)
A93: 92 | B93: 기존제품 | C93: ABC92 | I93: 사계절 | J93: 177 | K93: 43 | L93: 0 | M93: 2 | N93: 0 | O93: 1 | P93: 0 | Q93: 0 | R93: 13 | S93: 128 | T93: 70 | U93: 32 | V93: 36596 | W93: =SUM(J93:U93) -> 466 | X93: =AVERAGE(S93:U93) -> 76.666667 | Y93: =(S93+T93+U93)*V93 -> 8417080 | Z93: =W93*V93 -> 17053736 | AA93: =Z93/SUM($Z$2:$Z$100) -> 0.0032739246 | AB93: =SUM($AA$2:AA93) -> 0.97773754 | AC93: =IF(AB93<=70%,"A",IF(AB93<=90%,"B","C")) -> C | AD93: =AVERAGE(J93:U93) -> 38.833333 | AE93: =_xlfn.STDEV.P(J93:U93) -> 55.949134 | AF93: =IF(AD93=0,0,AE93/AD93) -> 1.4407502 | AG93: =IF(AF93<0.5,"X",IF(AF93<=1,"Y","Z")) -> Z | AH93: =AC93&AG93 -> CZ | AI93: =IF(AH93="CZ",0%,IF(AH93="BZ",0%,IF(AH93="CY",5%,IF(I93="사계절",10%,IF(I93="봄",20%,IF(I93="여름",0%,IF(I93="가을",0%,IF(I93="겨울",0%,10%)))))))) -> 0 | AJ93: =IF(AI93=0,"발주안함","발주") -> 발주안함 | AK93: =IF(AC93="A",IF(AG93="X","AX - 중간재고+월1회(LCL)",IF(AG93="Y","AY - 낮은재고+격주1회","AZ - 중단")),IF(AC93="B",IF(AG93="X","BX - 낮은재고+격월1회",IF(AG93="Y","BY - 최소재고+분기1회","BZ - 중단")),IF(AG93="X","CX - 중단(재고소진만)",IF(AG93="Y","CY - 중단(재고소진만)","CZ - 즉시단종")))) -> CZ - 즉시단종
A94: 94 | B94: 기존제품 | C94: ABC93 | I94: 사계절 | J94: 17 | K94: 1 | L94: 4 | M94: 0 | N94: 0 | O94: 0 | P94: 0 | Q94: 0 | R94: 8 | S94: 75 | T94: 68 | U94: 17 | V94: 89631 | W94: =SUM(J94:U94) -> 190 | X94: =AVERAGE(S94:U94) -> 53.333333 | Y94: =(S94+T94+U94)*V94 -> 14340960 | Z94: =W94*V94 -> 17029890 | AA94: =Z94/SUM($Z$2:$Z$100) -> 0.0032693468 | AB94: =SUM($AA$2:AA94) -> 0.98100689 | AC94: =IF(AB94<=70%,"A",IF(AB94<=90%,"B","C")) -> C | AD94: =AVERAGE(J94:U94) -> 15.833333 | AE94: =_xlfn.STDEV.P(J94:U94) -> 25.657466 | AF94: =IF(AD94=0,0,AE94/AD94) -> 1.6204715 | AG94: =IF(AF94<0.5,"X",IF(AF94<=1,"Y","Z")) -> Z | AH94: =AC94&AG94 -> CZ | AI94: =IF(AH94="CZ",0%,IF(AH94="BZ",0%,IF(AH94="CY",5%,IF(I94="사계절",10%,IF(I94="봄",20%,IF(I94="여름",0%,IF(I94="가을",0%,IF(I94="겨울",0%,10%)))))))) -> 0 | AJ94: =IF(AI94=0,"발주안함","발주") -> 발주안함 | AK94: =IF(AC94="A",IF(AG94="X","AX - 중간재고+월1회(LCL)",IF(AG94="Y","AY - 낮은재고+격주1회","AZ - 중단")),IF(AC94="B",IF(AG94="X","BX - 낮은재고+격월1회",IF(AG94="Y","BY - 최소재고+분기1회","BZ - 중단")),IF(AG94="X","CX - 중단(재고소진만)",IF(AG94="Y","CY - 중단(재고소진만)","CZ - 즉시단종")))) -> CZ - 즉시단종
A95: 82 | B95: 기존제품 | C95: ABC94 | I95: 사계절 | J95: 0 | K95: 0 | L95: 0 | M95: 2 | N95: 6 | O95: 13 | P95: 86 | Q95: 162 | R95: 179 | S95: 99 | T95: 82 | U95: 79 | V95: 24030 | W95: =SUM(J95:U95) -> 708 | X95: =AVERAGE(S95:U95) -> 86.666667 | Y95: =(S95+T95+U95)*V95 -> 6247800 | Z95: =W95*V95 -> 17013240 | AA95: =Z95/SUM($Z$2:$Z$100) -> 0.0032661503 | AB95: =SUM($AA$2:AA95) -> 0.98427304 | AC95: =IF(AB95<=70%,"A",IF(AB95<=90%,"B","C")) -> C | AD95: =AVERAGE(J95:U95) -> 59 | AE95: =_xlfn.STDEV.P(J95:U95) -> 62.506 | AF95: =IF(AD95=0,0,AE95/AD95) -> 1.0594237 | AG95: =IF(AF95<0.5,"X",IF(AF95<=1,"Y","Z")) -> Z | AH95: =AC95&AG95 -> CZ | AI95: =IF(AH95="CZ",0%,IF(AH95="BZ",0%,IF(AH95="CY",5%,IF(I95="사계절",10%,IF(I95="봄",20%,IF(I95="여름",0%,IF(I95="가을",0%,IF(I95="겨울",0%,10%)))))))) -> 0 | AJ95: =IF(AI95=0,"발주안함","발주") -> 발주안함 | AK95: =IF(AC95="A",IF(AG95="X","AX - 중간재고+월1회(LCL)",IF(AG95="Y","AY - 낮은재고+격주1회","AZ - 중단")),IF(AC95="B",IF(AG95="X","BX - 낮은재고+격월1회",IF(AG95="Y","BY - 최소재고+분기1회","BZ - 중단")),IF(AG95="X","CX - 중단(재고소진만)",IF(AG95="Y","CY - 중단(재고소진만)","CZ - 즉시단종")))) -> CZ - 즉시단종
A96: 93 | B96: 기존제품 | C96: ABC95 | I96: 사계절 | J96: 20 | K96: 21 | L96: 29 | M96: 28 | N96: 0 | O96: 0 | P96: 0 | Q96: 1 | R96: 2 | S96: 13 | T96: 94 | U96: 1 | V96: 81197 | W96: =SUM(J96:U96) -> 209 | X96: =AVERAGE(S96:U96) -> 36 | Y96: =(S96+T96+U96)*V96 -> 8769276 | Z96: =W96*V96 -> 16970173 | AA96: =Z96/SUM($Z$2:$Z$100) -> 0.0032578825 | AB96: =SUM($AA$2:AA96) -> 0.98753092 | AC96: =IF(AB96<=70%,"A",IF(AB96<=90%,"B","C")) -> C | AD96: =AVERAGE(J96:U96) -> 17.416667 | AE96: =_xlfn.STDEV.P(J96:U96) -> 25.555359 | AF96: =IF(AD96=0,0,AE96/AD96) -> 1.4672934 | AG96: =IF(AF96<0.5,"X",IF(AF96<=1,"Y","Z")) -> Z | AH96: =AC96&AG96 -> CZ | AI96: =IF(AH96="CZ",0%,IF(AH96="BZ",0%,IF(AH96="CY",5%,IF(I96="사계절",10%,IF(I96="봄",20%,IF(I96="여름",0%,IF(I96="가을",0%,IF(I96="겨울",0%,10%)))))))) -> 0 | AJ96: =IF(AI96=0,"발주안함","발주") -> 발주안함 | AK96: =IF(AC96="A",IF(AG96="X","AX - 중간재고+월1회(LCL)",IF(AG96="Y","AY - 낮은재고+격주1회","AZ - 중단")),IF(AC96="B",IF(AG96="X","BX - 낮은재고+격월1회",IF(AG96="Y","BY - 최소재고+분기1회","BZ - 중단")),IF(AG96="X","CX - 중단(재고소진만)",IF(AG96="Y","CY - 중단(재고소진만)","CZ - 즉시단종")))) -> CZ - 즉시단종
A97: 95 | B97: 기존제품 | C97: ABC96 | I97: 사계절 | J97: 55 | K97: 66 | L97: 69 | M97: 68 | N97: 30 | O97: 41 | P97: 18 | Q97: 23 | R97: 31 | S97: 55 | T97: 378 | U97: 28 | V97: 19177 | W97: =SUM(J97:U97) -> 862 | X97: =AVERAGE(S97:U97) -> 153.66667 | Y97: =(S97+T97+U97)*V97 -> 8840597 | Z97: =W97*V97 -> 16530574 | AA97: =Z97/SUM($Z$2:$Z$100) -> 0.0031734896 | AB97: =SUM($AA$2:AA97) -> 0.99070441 | AC97: =IF(AB97<=70%,"A",IF(AB97<=90%,"B","C")) -> C | AD97: =AVERAGE(J97:U97) -> 71.833333 | AE97: =_xlfn.STDEV.P(J97:U97) -> 93.956402 | AF97: =IF(AD97=0,0,AE97/AD97) -> 1.3079778 | AG97: =IF(AF97<0.5,"X",IF(AF97<=1,"Y","Z")) -> Z | AH97: =AC97&AG97 -> CZ | AI97: =IF(AH97="CZ",0%,IF(AH97="BZ",0%,IF(AH97="CY",5%,IF(I97="사계절",10%,IF(I97="봄",20%,IF(I97="여름",0%,IF(I97="가을",0%,IF(I97="겨울",0%,10%)))))))) -> 0 | AJ97: =IF(AI97=0,"발주안함","발주") -> 발주안함 | AK97: =IF(AC97="A",IF(AG97="X","AX - 중간재고+월1회(LCL)",IF(AG97="Y","AY - 낮은재고+격주1회","AZ - 중단")),IF(AC97="B",IF(AG97="X","BX - 낮은재고+격월1회",IF(AG97="Y","BY - 최소재고+분기1회","BZ - 중단")),IF(AG97="X","CX - 중단(재고소진만)",IF(AG97="Y","CY - 중단(재고소진만)","CZ - 즉시단종")))) -> CZ - 즉시단종
A98: 96 | B98: 기존제품 | C98: ABC97 | I98: 겨울 | J98: 0 | K98: 0 | L98: 0 | M98: 426 | N98: 33 | O98: 0 | P98: 0 | Q98: 0 | R98: 0 | S98: 0 | T98: 111 | U98: 18 | V98: 27668 | W98: =SUM(J98:U98) -> 588 | X98: =AVERAGE(S98:U98) -> 43 | Y98: =(S98+T98+U98)*V98 -> 3569172 | Z98: =W98*V98 -> 16268784 | AA98: =Z98/SUM($Z$2:$Z$100) -> 0.0031232319 | AB98: =SUM($AA$2:AA98) -> 0.99382764 | AC98: =IF(AB98<=70%,"A",IF(AB98<=90%,"B","C")) -> C | AD98: =AVERAGE(J98,K98,R98,S98,T98,U98) -> 21.5 | AE98: =_xlfn.STDEV.S(J98,K98,R98,S98,T98,U98) -> 44.433096 | AF98: =IF(AD98=0,0,AE98/AD98) -> 2.0666556 | AG98: =IF(AF98<0.5,"X",IF(AF98<=1,"Y","Z")) -> Z | AH98: =AC98&AG98 -> CZ | AI98: =IF(AH98="CZ",0%,IF(AH98="BZ",0%,IF(AH98="CY",5%,IF(I98="사계절",10%,IF(I98="봄",20%,IF(I98="여름",0%,IF(I98="가을",0%,IF(I98="겨울",0%,10%)))))))) -> 0 | AJ98: =IF(AI98=0,"발주안함","발주") -> 발주안함 | AK98: =IF(AC98="A",IF(AG98="X","AX - 중간재고+월1회(LCL)",IF(AG98="Y","AY - 낮은재고+격주1회","AZ - 중단")),IF(AC98="B",IF(AG98="X","BX - 낮은재고+격월1회",IF(AG98="Y","BY - 최소재고+분기1회","BZ - 중단")),IF(AG98="X","CX - 중단(재고소진만)",IF(AG98="Y","CY - 중단(재고소진만)","CZ - 즉시단종")))) -> CZ - 즉시단종
A99: 97 | B99: 기존제품 | C99: ABC98 | I99: 사계절 | J99: 0 | K99: 0 | L99: 0 | M99: 0 | N99: 0 | O99: 0 | P99: 0 | Q99: 0 | R99: 0 | S99: 107 | T99: 34 | U99: 40 | V99: 89631 | W99: =SUM(J99:U99) -> 181 | X99: =AVERAGE(S99:U99) -> 60.333333 | Y99: =(S99+T99+U99)*V99 -> 16223211 | Z99: =W99*V99 -> 16223211 | AA99: =Z99/SUM($Z$2:$Z$100) -> 0.003114483 | AB99: =SUM($AA$2:AA99) -> 0.99694213 | AC99: =IF(AB99<=70%,"A",IF(AB99<=90%,"B","C")) -> C | AD99: =AVERAGE(J99:U99) -> 15.083333 | AE99: =_xlfn.STDEV.P(J99:U99) -> 30.92318 | AF99: =IF(AD99=0,0,AE99/AD99) -> 2.0501556 | AG99: =IF(AF99<0.5,"X",IF(AF99<=1,"Y","Z")) -> Z | AH99: =AC99&AG99 -> CZ | AI99: =IF(AH99="CZ",0%,IF(AH99="BZ",0%,IF(AH99="CY",5%,IF(I99="사계절",10%,IF(I99="봄",20%,IF(I99="여름",0%,IF(I99="가을",0%,IF(I99="겨울",0%,10%)))))))) -> 0 | AJ99: =IF(AI99=0,"발주안함","발주") -> 발주안함 | AK99: =IF(AC99="A",IF(AG99="X","AX - 중간재고+월1회(LCL)",IF(AG99="Y","AY - 낮은재고+격주1회","AZ - 중단")),IF(AC99="B",IF(AG99="X","BX - 낮은재고+격월1회",IF(AG99="Y","BY - 최소재고+분기1회","BZ - 중단")),IF(AG99="X","CX - 중단(재고소진만)",IF(AG99="Y","CY - 중단(재고소진만)","CZ - 즉시단종")))) -> CZ - 즉시단종
A100: 99 | B100: 기존제품 | C100: ABC99 | I100: 사계절 | J100: 0 | K100: 0 | L100: 0 | M100: 138 | N100: 98 | O100: 44 | P100: 46 | Q100: 38 | R100: 27 | S100: 29 | T100: 41 | U100: 32 | V100: 32309 | W100: =SUM(J100:U100) -> 493 | X100: =AVERAGE(S100:U100) -> 34 | Y100: =(S100+T100+U100)*V100 -> 3295518 | Z100: =W100*V100 -> 15928337 | AA100: =Z100/SUM($Z$2:$Z$100) -> 0.0030578739 | AB100: =SUM($AA$2:AA100) -> 1 | AC100: =IF(AB100<=70%,"A",IF(AB100<=90%,"B","C")) -> C | AD100: =AVERAGE(J100:U100) -> 41.083333 | AE100: =_xlfn.STDEV.P(J100:U100) -> 38.906851 | AF100: =IF(AD100=0,0,AE100/AD100) -> 0.94702274 | AG100: =IF(AF100<0.5,"X",IF(AF100<=1,"Y","Z")) -> Y | AH100: =AC100&AG100 -> CY | AI100: =IF(AH100="CZ",0%,IF(AH100="BZ",0%,IF(AH100="CY",5%,IF(I100="사계절",10%,IF(I100="봄",20%,IF(I100="여름",0%,IF(I100="가을",0%,IF(I100="겨울",0%,10%)))))))) -> 0.05 | AJ100: =IF(AI100=0,"발주안함","발주") -> 발주 | AK100: =IF(AC100="A",IF(AG100="X","AX - 중간재고+월1회(LCL)",IF(AG100="Y","AY - 낮은재고+격주1회","AZ - 중단")),IF(AC100="B",IF(AG100="X","BX - 낮은재고+격월1회",IF(AG100="Y","BY - 최소재고+분기1회","BZ - 중단")),IF(AG100="X","CX - 중단(재고소진만)",IF(AG100="Y","CY - 중단(재고소진만)","CZ - 즉시단종")))) -> CY - 중단(재고소진만)

Sheet 재고분석
B1: 구분 | C1: SKU코드 | D1: 제품명 | E1: 카테고리 | F1: ABC 등급 | G1: XYZ 등급 | H1: 현재고 | I1: 안전재고 | J1: 최근3개월 월 평균출고 | K1: 월 재고회전율 (Turnover rate) | L1: 연 재고회전율 | M1: 재고회전일 (Days of Inventory) | N1: 재고상태 | O1: 회전율 평가 | P1: 권장조치 | Q1: 매입원가 | R1: 재고금액 | T1: 재고상태 판단 기준 | V1: A등급 기준 (등급별 차등적용) -> 왼쪽 N칼럼 재고상태 수식 참조
B2: =_xlfn.XLOOKUP(C2,'ABC-XYZ분석 (2)'!C:C,'ABC-XYZ분석 (2)'!B:B) -> 신재품 | C2: ABC1 | F2: =_xlfn.XLOOKUP(표3[[#This Row],[SKU코드]],'ABC-XYZ분석 (2)'!C:C,'ABC-XYZ분석 (2)'!AC:AC) -> A | G2: =_xlfn.XLOOKUP(C2,'ABC-XYZ분석 (2)'!C:C,'ABC-XYZ분석 (2)'!AG:AG) -> Z | H2: =SUMIF(재고!C:C,재고분석!C2,재고!I:I) -> 1233 | I2: =SUMIF(안전재고!A:A,재고분석!$C2,안전재고!I:I) -> 212 | J2: =SUMIF('ABC-XYZ분석 (2)'!C:C,재고분석!$C2,'ABC-XYZ분석 (2)'!X:X) -> 6 | K2: =IFERROR(재고분석!$J2/재고분석!$H2,"") -> 0.00486618 | L2: =IFERROR(재고분석!$K2*12,"") -> 0.058394161 | M2: =IFERROR(H2/(J2/30),"") -> 6165 | N2: =IF(H2=0,"재고없음",IF(H2<I2,"부족",IF(H2<VLOOKUP(C2,공급물량!$B:$M,12,0)*0.8,"재주문",IF(H2<=VLOOKUP(C2,공급물량!$B:$M,12,0)*1.2,"적정","과잉")))) -> 과잉 | O2: =IF(H2=0,"-",IF(K2>=0.5,"우수",IF(K2>=0.33,"적정",IF(K2>=0.17,"주의","불량")))) -> 불량 | P2: =IF(N2="재고없음","긴급발주",IF(N2="부족","긴급발주",IF(AND(N2="재주문",OR(O2="우수",O2="적정")),"현상유지",IF(N2="재주문","발주검토",IF(AND(N2="적정",O2="불량"),"판촉검토",IF(N2="적정","현상유지",IF(AND(N2="과잉",OR(O2="우수",O2="적정")),"발주축소","판촉/할인검토"))))))) -> 판촉/할인검토 | Q2: =_xlfn.XLOOKUP(표3[[#This Row],[SKU코드]],재고!C:C,재고!H:H) -> 9680 | R2: =Q2*H2 -> 11935440 | T2: 상태 | U2: 조건 | V2: 예시 (안전재고=100개, 적정재고=450개) | W2: 의미
B3: =_xlfn.XLOOKUP(C3,'ABC-XYZ분석 (2)'!C:C,'ABC-XYZ분석 (2)'!B:B) -> 신재품 | C3: ABC2 | F3: =_xlfn.XLOOKUP(표3[[#This Row],[SKU코드]],'ABC-XYZ분석 (2)'!C:C,'ABC-XYZ분석 (2)'!AC:AC) -> A | G3: =_xlfn.XLOOKUP(C3,'ABC-XYZ분석 (2)'!C:C,'ABC-XYZ분석 (2)'!AG:AG) -> Z | H3: =SUMIF(재고!C:C,재고분석!C3,재고!I:I) -> 1865 | I3: =SUMIF(안전재고!A:A,재고분석!$C3,안전재고!I:I) -> 237 | J3: =SUMIF('ABC-XYZ분석 (2)'!C:C,재고분석!$C3,'ABC-XYZ분석 (2)'!X:X) -> 6.3333333 | K3: =IFERROR(재고분석!$J3/재고분석!$H3,"") -> 0.0033958892 | L3: =IFERROR(재고분석!$K3*12,"") -> 0.04075067 | M3: =IFERROR(H3/(J3/30),"") -> 8834.2105 | N3: =IF(H3=0,"재고없음",IF(H3<I3,"부족",IF(H3<VLOOKUP(C3,공급물량!$B:$M,12,0)*0.8,"재주문",IF(H3<=VLOOKUP(C3,공급물량!$B:$M,12,0)*1.2,"적정","과잉")))) -> 과잉 | O3: =IF(H3=0,"-",IF(K3>=0.5,"우수",IF(K3>=0.33,"적정",IF(K3>=0.17,"주의","불량")))) -> 불량 | P3: =IF(N3="재고없음","긴급발주",IF(N3="부족","긴급발주",IF(AND(N3="재주문",OR(O3="우수",O3="적정")),"현상유지",IF(N3="재주문","발주검토",IF(AND(N3="적정",O3="불량"),"판촉검토",IF(N3="적정","현상유지",IF(AND(N3="과잉",OR(O3="우수",O3="적정")),"발주축소","판촉/할인검토"))))))) -> 판촉/할인검토 | Q3: =_xlfn.XLOOKUP(재고분석!$C3,재고!C:C,재고!H:H) -> 12300 | R3: =Q3*H3 -> 22939500 | T3: 부족 (품절위험) | U3: 현재고 < 안전재고 | V3: 현재고 <100개 | W3: 긴급발주
B4: =_xlfn.XLOOKUP(C4,'ABC-XYZ분석 (2)'!C:C,'ABC-XYZ분석 (2)'!B:B) -> 신재품 | C4: ABC3 | F4: =_xlfn.XLOOKUP(표3[[#This Row],[SKU코드]],'ABC-XYZ분석 (2)'!C:C,'ABC-XYZ분석 (2)'!AC:AC) -> A | G4: =_xlfn.XLOOKUP(C4,'ABC-XYZ분석 (2)'!C:C,'ABC-XYZ분석 (2)'!AG:AG) -> Z | H4: =SUMIF(재고!C:C,재고분석!C4,재고!I:I) -> 0 | I4: =SUMIF(안전재고!A:A,재고분석!$C4,안전재고!I:I) -> 257 | J4: =SUMIF('ABC-XYZ분석 (2)'!C:C,재고분석!$C4,'ABC-XYZ분석 (2)'!X:X) -> 11.333333 | K4: =IFERROR(재고분석!$J4/재고분석!$H4,"") | L4: =IFERROR(재고분석!$K4*12,"") | M4: =IFERROR(H4/(J4/30),"") -> 0 | N4: =IF(H4=0,"재고없음",IF(H4<I4,"부족",IF(H4<VLOOKUP(C4,공급물량!$B:$M,12,0)*0.8,"재주문",IF(H4<=VLOOKUP(C4,공급물량!$B:$M,12,0)*1.2,"적정","과잉")))) -> 재고없음 | O4: =IF(H4=0,"-",IF(K4>=0.5,"우수",IF(K4>=0.33,"적정",IF(K4>=0.17,"주의","불량")))) -> - | P4: =IF(N4="재고없음","긴급발주",IF(N4="부족","긴급발주",IF(AND(N4="재주문",OR(O4="우수",O4="적정")),"현상유지",IF(N4="재주문","발주검토",IF(AND(N4="적정",O4="불량"),"판촉검토",IF(N4="적정","현상유지",IF(AND(N4="과잉",OR(O4="우수",O4="적정")),"발주축소","판촉/할인검토"))))))) -> 긴급발주 | Q4: =_xlfn.XLOOKUP(재고분석!$C4,재고!C:C,재고!H:H) -> 2700 | R4: =Q4*H4 -> 0 | T4: 재주문 (버퍼 부족) | U4: 안전재고 ≤ 현재고 < 적정재고×0.8 | V4: 100 ~ 360개 | W4: 변동성 커버하지만 여유 없음
B5: =_xlfn.XLOOKUP(C5,'ABC-XYZ분석 (2)'!C:C,'ABC-XYZ분석 (2)'!B:B) -> 신재품 | C5: ABC4 | F5: =_xlfn.XLOOKUP(표3[[#This Row],[SKU코드]],'ABC-XYZ분석 (2)'!C:C,'ABC-XYZ분석 (2)'!AC:AC) -> A | G5: =_xlfn.XLOOKUP(C5,'ABC-XYZ분석 (2)'!C:C,'ABC-XYZ분석 (2)'!AG:AG) -> Z | H5: =SUMIF(재고!C:C,재고분석!C5,재고!I:I) -> 0 | I5: =SUMIF(안전재고!A:A,재고분석!$C5,안전재고!I:I) -> 518 | J5: =SUMIF('ABC-XYZ분석 (2)'!C:C,재고분석!$C5,'ABC-XYZ분석 (2)'!X:X) -> 7.3333333 | K5: =IFERROR(재고분석!$J5/재고분석!$H5,"") | L5: =IFERROR(재고분석!$K5*12,"") | M5: =IFERROR(H5/(J5/30),"") -> 0 | N5: =IF(H5=0,"재고없음",IF(H5<I5,"부족",IF(H5<VLOOKUP(C5,공급물량!$B:$M,12,0)*0.8,"재주문",IF(H5<=VLOOKUP(C5,공급물량!$B:$M,12,0)*1.2,"적정","과잉")))) -> 재고없음 | O5: =IF(H5=0,"-",IF(K5>=0.5,"우수",IF(K5>=0.33,"적정",IF(K5>=0.17,"주의","불량")))) -> - | P5: =IF(N5="재고없음","긴급발주",IF(N5="부족","긴급발주",IF(AND(N5="재주문",OR(O5="우수",O5="적정")),"현상유지",IF(N5="재주문","발주검토",IF(AND(N5="적정",O5="불량"),"판촉검토",IF(N5="적정","현상유지",IF(AND(N5="과잉",OR(O5="우수",O5="적정")),"발주축소","판촉/할인검토"))))))) -> 긴급발주 | Q5: =_xlfn.XLOOKUP(재고분석!$C5,재고!C:C,재고!H:H) -> 2700 | R5: =Q5*H5 -> 0 | T5: 적정 (적정 운영버퍼) | U5: 적정재고x0.8 ≤ 현재고 < 적정재고×1.2 | V5: 360 ~ 540개 | W5: 안정적 운영
B6: =_xlfn.XLOOKUP(C6,'ABC-XYZ분석 (2)'!C:C,'ABC-XYZ분석 (2)'!B:B) -> 신재품 | C6: ABC5 | F6: =_xlfn.XLOOKUP(표3[[#This Row],[SKU코드]],'ABC-XYZ분석 (2)'!C:C,'ABC-XYZ분석 (2)'!AC:AC) -> A | G6: =_xlfn.XLOOKUP(C6,'ABC-XYZ분석 (2)'!C:C,'ABC-XYZ분석 (2)'!AG:AG) -> Z | H6: =SUMIF(재고!C:C,재고분석!C6,재고!I:I) -> 0 | I6: =SUMIF(안전재고!A:A,재고분석!$C6,안전재고!I:I) -> 187 | J6: =SUMIF('ABC-XYZ분석 (2)'!C:C,재고분석!$C6,'ABC-XYZ분석 (2)'!X:X) -> 5.3333333 | K6: =IFERROR(재고분석!$J6/재고분석!$H6,"") | L6: =IFERROR(재고분석!$K6*12,"") | M6: =IFERROR(H6/(J6/30),"") -> 0 | N6: =IF(H6=0,"재고없음",IF(H6<I6,"부족",IF(H6<VLOOKUP(C6,공급물량!$B:$M,12,0)*0.8,"재주문",IF(H6<=VLOOKUP(C6,공급물량!$B:$M,12,0)*1.2,"적정","과잉")))) -> 재고없음 | O6: =IF(H6=0,"-",IF(K6>=0.5,"우수",IF(K6>=0.33,"적정",IF(K6>=0.17,"주의","불량")))) -> - | P6: =IF(N6="재고없음","긴급발주",IF(N6="부족","긴급발주",IF(AND(N6="재주문",OR(O6="우수",O6="적정")),"현상유지",IF(N6="재주문","발주검토",IF(AND(N6="적정",O6="불량"),"판촉검토",IF(N6="적정","현상유지",IF(AND(N6="과잉",OR(O6="우수",O6="적정")),"발주축소","판촉/할인검토"))))))) -> 긴급발주 | Q6: =_xlfn.XLOOKUP(재고분석!$C6,재고!C:C,재고!H:H) -> 2700 | R6: =Q6*H6 -> 0 | T6: 과잉 (과도 안전마진) | U6: 현재고 >= 적정재고 x 1.2 | V6: 현재고 > 540개 | W6: 과도한 안전 마진
B7: =_xlfn.XLOOKUP(C7,'ABC-XYZ분석 (2)'!C:C,'ABC-XYZ분석 (2)'!B:B) -> 신재품 | C7: ABC6 | F7: =_xlfn.XLOOKUP(표3[[#This Row],[SKU코드]],'ABC-XYZ분석 (2)'!C:C,'ABC-XYZ분석 (2)'!AC:AC) -> A | G7: =_xlfn.XLOOKUP(C7,'ABC-XYZ분석 (2)'!C:C,'ABC-XYZ분석 (2)'!AG:AG) -> Z | H7: =SUMIF(재고!C:C,재고분석!C7,재고!I:I) -> 0 | I7: =SUMIF(안전재고!A:A,재고분석!$C7,안전재고!I:I) -> 763 | J7: =SUMIF('ABC-XYZ분석 (2)'!C:C,재고분석!$C7,'ABC-XYZ분석 (2)'!X:X) -> 5 | K7: =IFERROR(재고분석!$J7/재고분석!$H7,"") | L7: =IFERROR(재고분석!$K7*12,"") | M7: =IFERROR(H7/(J7/30),"") -> 0 | N7: =IF(H7=0,"재고없음",IF(H7<I7,"부족",IF(H7<VLOOKUP(C7,공급물량!$B:$M,12,0)*0.8,"재주문",IF(H7<=VLOOKUP(C7,공급물량!$B:$M,12,0)*1.2,"적정","과잉")))) -> 재고없음 | O7: =IF(H7=0,"-",IF(K7>=0.5,"우수",IF(K7>=0.33,"적정",IF(K7>=0.17,"주의","불량")))) -> - | P7: =IF(N7="재고없음","긴급발주",IF(N7="부족","긴급발주",IF(AND(N7="재주문",OR(O7="우수",O7="적정")),"현상유지",IF(N7="재주문","발주검토",IF(AND(N7="적정",O7="불량"),"판촉검토",IF(N7="적정","현상유지",IF(AND(N7="과잉",OR(O7="우수",O7="적정")),"발주축소","판촉/할인검토"))))))) -> 긴급발주 | Q7: =_xlfn.XLOOKUP(재고분석!$C7,재고!C:C,재고!H:H) -> 3700 | R7: =Q7*H7 -> 0
B8: =_xlfn.XLOOKUP(C8,'ABC-XYZ분석 (2)'!C:C,'ABC-XYZ분석 (2)'!B:B) -> 신재품 | C8: ABC7 | F8: =_xlfn.XLOOKUP(표3[[#This Row],[SKU코드]],'ABC-XYZ분석 (2)'!C:C,'ABC-XYZ분석 (2)'!AC:AC) -> A | G8: =_xlfn.XLOOKUP(C8,'ABC-XYZ분석 (2)'!C:C,'ABC-XYZ분석 (2)'!AG:AG) -> Z | H8: =SUMIF(재고!C:C,재고분석!C8,재고!I:I) -> 0 | I8: =SUMIF(안전재고!A:A,재고분석!$C8,안전재고!I:I) -> 631 | J8: =SUMIF('ABC-XYZ분석 (2)'!C:C,재고분석!$C8,'ABC-XYZ분석 (2)'!X:X) -> 6 | K8: =IFERROR(재고분석!$J8/재고분석!$H8,"") | L8: =IFERROR(재고분석!$K8*12,"") | M8: =IFERROR(H8/(J8/30),"") -> 0 | N8: =IF(H8=0,"재고없음",IF(H8<I8,"부족",IF(H8<VLOOKUP(C8,공급물량!$B:$M,12,0)*0.8,"재주문",IF(H8<=VLOOKUP(C8,공급물량!$B:$M,12,0)*1.2,"적정","과잉")))) -> 재고없음 | O8: =IF(H8=0,"-",IF(K8>=0.5,"우수",IF(K8>=0.33,"적정",IF(K8>=0.17,"주의","불량")))) -> - | P8: =IF(N8="재고없음","긴급발주",IF(N8="부족","긴급발주",IF(AND(N8="재주문",OR(O8="우수",O8="적정")),"현상유지",IF(N8="재주문","발주검토",IF(AND(N8="적정",O8="불량"),"판촉검토",IF(N8="적정","현상유지",IF(AND(N8="과잉",OR(O8="우수",O8="적정")),"발주축소","판촉/할인검토"))))))) -> 긴급발주 | Q8: =_xlfn.XLOOKUP(재고분석!$C8,재고!C:C,재고!H:H) -> 3700 | R8: =Q8*H8 -> 0
B9: =_xlfn.XLOOKUP(C9,'ABC-XYZ분석 (2)'!C:C,'ABC-XYZ분석 (2)'!B:B) -> 신재품 | C9: ABC8 | F9: =_xlfn.XLOOKUP(표3[[#This Row],[SKU코드]],'ABC-XYZ분석 (2)'!C:C,'ABC-XYZ분석 (2)'!AC:AC) -> A | G9: =_xlfn.XLOOKUP(C9,'ABC-XYZ분석 (2)'!C:C,'ABC-XYZ분석 (2)'!AG:AG) -> X | H9: =SUMIF(재고!C:C,재고분석!C9,재고!I:I) -> 0 | I9: =SUMIF(안전재고!A:A,재고분석!$C9,안전재고!I:I) -> 63 | J9: =SUMIF('ABC-XYZ분석 (2)'!C:C,재고분석!$C9,'ABC-XYZ분석 (2)'!X:X) -> 1028.3333 | K9: =IFERROR(재고분석!$J9/재고분석!$H9,"") | L9: =IFERROR(재고분석!$K9*12,"") | M9: =IFERROR(H9/(J9/30),"") -> 0 | N9: =IF(H9=0,"재고없음",IF(H9<I9,"부족",IF(H9<VLOOKUP(C9,공급물량!$B:$M,12,0)*0.8,"재주문",IF(H9<=VLOOKUP(C9,공급물량!$B:$M,12,0)*1.2,"적정","과잉")))) -> 재고없음 | O9: =IF(H9=0,"-",IF(K9>=0.5,"우수",IF(K9>=0.33,"적정",IF(K9>=0.17,"주의","불량")))) -> - | P9: =IF(N9="재고없음","긴급발주",IF(N9="부족","긴급발주",IF(AND(N9="재주문",OR(O9="우수",O9="적정")),"현상유지",IF(N9="재주문","발주검토",IF(AND(N9="적정",O9="불량"),"판촉검토",IF(N9="적정","현상유지",IF(AND(N9="과잉",OR(O9="우수",O9="적정")),"발주축소","판촉/할인검토"))))))) -> 긴급발주 | Q9: =_xlfn.XLOOKUP(재고분석!$C9,재고!C:C,재고!H:H) -> 3700 | R9: =Q9*H9 -> 0
B10: =_xlfn.XLOOKUP(C10,'ABC-XYZ분석 (2)'!C:C,'ABC-XYZ분석 (2)'!B:B) -> 신재품 | C10: ABC9 | F10: =_xlfn.XLOOKUP(표3[[#This Row],[SKU코드]],'ABC-XYZ분석 (2)'!C:C,'ABC-XYZ분석 (2)'!AC:AC) -> A | G10: =_xlfn.XLOOKUP(C10,'ABC-XYZ분석 (2)'!C:C,'ABC-XYZ분석 (2)'!AG:AG) -> Z | H10: =SUMIF(재고!C:C,재고분석!C10,재고!I:I) -> 0 | I10: =SUMIF(안전재고!A:A,재고분석!$C10,안전재고!I:I) -> 496 | J10: =SUMIF('ABC-XYZ분석 (2)'!C:C,재고분석!$C10,'ABC-XYZ분석 (2)'!X:X) -> 3.6666667 | K10: =IFERROR(재고분석!$J10/재고분석!$H10,"") | L10: =IFERROR(재고분석!$K10*12,"") | M10: =IFERROR(H10/(J10/30),"") -> 0 | N10: =IF(H10=0,"재고없음",IF(H10<I10,"부족",IF(H10<VLOOKUP(C10,공급물량!$B:$M,12,0)*0.8,"재주문",IF(H10<=VLOOKUP(C10,공급물량!$B:$M,12,0)*1.2,"적정","과잉")))) -> 재고없음 | O10: =IF(H10=0,"-",IF(K10>=0.5,"우수",IF(K10>=0.33,"적정",IF(K10>=0.17,"주의","불량")))) -> - | P10: =IF(N10="재고없음","긴급발주",IF(N10="부족","긴급발주",IF(AND(N10="재주문",OR(O10="우수",O10="적정")),"현상유지",IF(N10="재주문","발주검토",IF(AND(N10="적정",O10="불량"),"판촉검토",IF(N10="적정","현상유지",IF(AND(N10="과잉",OR(O10="우수",O10="적정")),"발주축소","판촉/할인검토"))))))) -> 긴급발주 | Q10: =_xlfn.XLOOKUP(재고분석!$C10,재고!C:C,재고!H:H) -> 4100 | R10: =Q10*H10 -> 0
B11: =_xlfn.XLOOKUP(C11,'ABC-XYZ분석 (2)'!C:C,'ABC-XYZ분석 (2)'!B:B) -> 신재품 | C11: ABC10 | F11: =_xlfn.XLOOKUP(표3[[#This Row],[SKU코드]],'ABC-XYZ분석 (2)'!C:C,'ABC-XYZ분석 (2)'!AC:AC) -> A | G11: =_xlfn.XLOOKUP(C11,'ABC-XYZ분석 (2)'!C:C,'ABC-XYZ분석 (2)'!AG:AG) -> X | H11: =SUMIF(재고!C:C,재고분석!C11,재고!I:I) -> 0 | I11: =SUMIF(안전재고!A:A,재고분석!$C11,안전재고!I:I) -> 57 | J11: =SUMIF('ABC-XYZ분석 (2)'!C:C,재고분석!$C11,'ABC-XYZ분석 (2)'!X:X) -> 481 | K11: =IFERROR(재고분석!$J11/재고분석!$H11,"") | L11: =IFERROR(재고분석!$K11*12,"") | M11: =IFERROR(H11/(J11/30),"") -> 0 | N11: =IF(H11=0,"재고없음",IF(H11<I11,"부족",IF(H11<VLOOKUP(C11,공급물량!$B:$M,12,0)*0.8,"재주문",IF(H11<=VLOOKUP(C11,공급물량!$B:$M,12,0)*1.2,"적정","과잉")))) -> 재고없음 | O11: =IF(H11=0,"-",IF(K11>=0.5,"우수",IF(K11>=0.33,"적정",IF(K11>=0.17,"주의","불량")))) -> - | P11: =IF(N11="재고없음","긴급발주",IF(N11="부족","긴급발주",IF(AND(N11="재주문",OR(O11="우수",O11="적정")),"현상유지",IF(N11="재주문","발주검토",IF(AND(N11="적정",O11="불량"),"판촉검토",IF(N11="적정","현상유지",IF(AND(N11="과잉",OR(O11="우수",O11="적정")),"발주축소","판촉/할인검토"))))))) -> 긴급발주 | Q11: =_xlfn.XLOOKUP(재고분석!$C11,재고!C:C,재고!H:H) -> 4100 | R11: =Q11*H11 -> 0
B12: =_xlfn.XLOOKUP(C12,'ABC-XYZ분석 (2)'!C:C,'ABC-XYZ분석 (2)'!B:B) -> 신재품 | C12: ABC11 | F12: =_xlfn.XLOOKUP(표3[[#This Row],[SKU코드]],'ABC-XYZ분석 (2)'!C:C,'ABC-XYZ분석 (2)'!AC:AC) -> A | G12: =_xlfn.XLOOKUP(C12,'ABC-XYZ분석 (2)'!C:C,'ABC-XYZ분석 (2)'!AG:AG) -> X | H12: =SUMIF(재고!C:C,재고분석!C12,재고!I:I) -> 0 | I12: =SUMIF(안전재고!A:A,재고분석!$C12,안전재고!I:I) -> 160 | J12: =SUMIF('ABC-XYZ분석 (2)'!C:C,재고분석!$C12,'ABC-XYZ분석 (2)'!X:X) -> 2159 | K12: =IFERROR(재고분석!$J12/재고분석!$H12,"") | L12: =IFERROR(재고분석!$K12*12,"") | M12: =IFERROR(H12/(J12/30),"") -> 0 | N12: =IF(H12=0,"재고없음",IF(H12<I12,"부족",IF(H12<VLOOKUP(C12,공급물량!$B:$M,12,0)*0.8,"재주문",IF(H12<=VLOOKUP(C12,공급물량!$B:$M,12,0)*1.2,"적정","과잉")))) -> 재고없음 | O12: =IF(H12=0,"-",IF(K12>=0.5,"우수",IF(K12>=0.33,"적정",IF(K12>=0.17,"주의","불량")))) -> - | P12: =IF(N12="재고없음","긴급발주",IF(N12="부족","긴급발주",IF(AND(N12="재주문",OR(O12="우수",O12="적정")),"현상유지",IF(N12="재주문","발주검토",IF(AND(N12="적정",O12="불량"),"판촉검토",IF(N12="적정","현상유지",IF(AND(N12="과잉",OR(O12="우수",O12="적정")),"발주축소","판촉/할인검토"))))))) -> 긴급발주 | Q12: =_xlfn.XLOOKUP(재고분석!$C12,재고!C:C,재고!H:H) -> 4100 | R12: =Q12*H12 -> 0
B13: =_xlfn.XLOOKUP(C13,'ABC-XYZ분석 (2)'!C:C,'ABC-XYZ분석 (2)'!B:B) -> 신재품 | C13: ABC12 | F13: =_xlfn.XLOOKUP(표3[[#This Row],[SKU코드]],'ABC-XYZ분석 (2)'!C:C,'ABC-XYZ분석 (2)'!AC:AC) -> A | G13: =_xlfn.XLOOKUP(C13,'ABC-XYZ분석 (2)'!C:C,'ABC-XYZ분석 (2)'!AG:AG) -> X | H13: =SUMIF(재고!C:C,재고분석!C13,재고!I:I) -> 2800 | I13: =SUMIF(안전재고!A:A,재고분석!$C13,안전재고!I:I) -> 50 | J13: =SUMIF('ABC-XYZ분석 (2)'!C:C,재고분석!$C13,'ABC-XYZ분석 (2)'!X:X) -> 563 | K13: =IFERROR(재고분석!$J13/재고분석!$H13,"") -> 0.20107143 | L13: =IFERROR(재고분석!$K13*12,"") -> 2.4128571 | M13: =IFERROR(H13/(J13/30),"") -> 149.20071 | N13: =IF(H13=0,"재고없음",IF(H13<I13,"부족",IF(H13<VLOOKUP(C13,공급물량!$B:$M,12,0)*0.8,"재주문",IF(H13<=VLOOKUP(C13,공급물량!$B:$M,12,0)*1.2,"적정","과잉")))) -> 과잉 | O13: =IF(H13=0,"-",IF(K13>=0.5,"우수",IF(K13>=0.33,"적정",IF(K13>=0.17,"주의","불량")))) -> 주의 | P13: =IF(N13="재고없음","긴급발주",IF(N13="부족","긴급발주",IF(AND(N13="재주문",OR(O13="우수",O13="적정")),"현상유지",IF(N13="재주문","발주검토",IF(AND(N13="적정",O13="불량"),"판촉검토",IF(N13="적정","현상유지",IF(AND(N13="과잉",OR(O13="우수",O13="적정")),"발주축소","판촉/할인검토"))))))) -> 판촉/할인검토 | Q13: =_xlfn.XLOOKUP(재고분석!$C13,재고!C:C,재고!H:H) -> 4954 | R13: =Q13*H13 -> 13871200
B14: =_xlfn.XLOOKUP(C14,'ABC-XYZ분석 (2)'!C:C,'ABC-XYZ분석 (2)'!B:B) -> 신재품 | C14: ABC13 | F14: =_xlfn.XLOOKUP(표3[[#This Row],[SKU코드]],'ABC-XYZ분석 (2)'!C:C,'ABC-XYZ분석 (2)'!AC:AC) -> A | G14: =_xlfn.XLOOKUP(C14,'ABC-XYZ분석 (2)'!C:C,'ABC-XYZ분석 (2)'!AG:AG) -> Z | H14: =SUMIF(재고!C:C,재고분석!C14,재고!I:I) -> 1 | I14: =SUMIF(안전재고!A:A,재고분석!$C14,안전재고!I:I) -> 742 | J14: =SUMIF('ABC-XYZ분석 (2)'!C:C,재고분석!$C14,'ABC-XYZ분석 (2)'!X:X) -> 78.333333 | K14: =IFERROR(재고분석!$J14/재고분석!$H14,"") -> 78.333333 | L14: =IFERROR(재고분석!$K14*12,"") -> 940 | M14: =IFERROR(H14/(J14/30),"") -> 0.38297872 | N14: =IF(H14=0,"재고없음",IF(H14<I14,"부족",IF(H14<VLOOKUP(C14,공급물량!$B:$M,12,0)*0.8,"재주문",IF(H14<=VLOOKUP(C14,공급물량!$B:$M,12,0)*1.2,"적정","과잉")))) -> 부족 | O14: =IF(H14=0,"-",IF(K14>=0.5,"우수",IF(K14>=0.33,"적정",IF(K14>=0.17,"주의","불량")))) -> 우수 | P14: =IF(N14="재고없음","긴급발주",IF(N14="부족","긴급발주",IF(AND(N14="재주문",OR(O14="우수",O14="적정")),"현상유지",IF(N14="재주문","발주검토",IF(AND(N14="적정",O14="불량"),"판촉검토",IF(N14="적정","현상유지",IF(AND(N14="과잉",OR(O14="우수",O14="적정")),"발주축소","판촉/할인검토"))))))) -> 긴급발주 | Q14: =_xlfn.XLOOKUP(재고분석!$C14,재고!C:C,재고!H:H) -> 32100 | R14: =Q14*H14 -> 32100
B15: =_xlfn.XLOOKUP(C15,'ABC-XYZ분석 (2)'!C:C,'ABC-XYZ분석 (2)'!B:B) -> 신재품 | C15: ABC14 | F15: =_xlfn.XLOOKUP(표3[[#This Row],[SKU코드]],'ABC-XYZ분석 (2)'!C:C,'ABC-XYZ분석 (2)'!AC:AC) -> A | G15: =_xlfn.XLOOKUP(C15,'ABC-XYZ분석 (2)'!C:C,'ABC-XYZ분석 (2)'!AG:AG) -> Y | H15: =SUMIF(재고!C:C,재고분석!C15,재고!I:I) -> 2 | I15: =SUMIF(안전재고!A:A,재고분석!$C15,안전재고!I:I) -> 47 | J15: =SUMIF('ABC-XYZ분석 (2)'!C:C,재고분석!$C15,'ABC-XYZ분석 (2)'!X:X) -> 557.66667 | K15: =IFERROR(재고분석!$J15/재고분석!$H15,"") -> 278.83333 | L15: =IFERROR(재고분석!$K15*12,"") -> 3346 | M15: =IFERROR(H15/(J15/30),"") -> 0.10759115 | N15: =IF(H15=0,"재고없음",IF(H15<I15,"부족",IF(H15<VLOOKUP(C15,공급물량!$B:$M,12,0)*0.8,"재주문",IF(H15<=VLOOKUP(C15,공급물량!$B:$M,12,0)*1.2,"적정","과잉")))) -> 부족 | O15: =IF(H15=0,"-",IF(K15>=0.5,"우수",IF(K15>=0.33,"적정",IF(K15>=0.17,"주의","불량")))) -> 우수 | P15: =IF(N15="재고없음","긴급발주",IF(N15="부족","긴급발주",IF(AND(N15="재주문",OR(O15="우수",O15="적정")),"현상유지",IF(N15="재주문","발주검토",IF(AND(N15="적정",O15="불량"),"판촉검토",IF(N15="적정","현상유지",IF(AND(N15="과잉",OR(O15="우수",O15="적정")),"발주축소","판촉/할인검토"))))))) -> 긴급발주 | Q15: =_xlfn.XLOOKUP(재고분석!$C15,재고!C:C,재고!H:H) -> 32100 | R15: =Q15*H15 -> 64200
B16: =_xlfn.XLOOKUP(C16,'ABC-XYZ분석 (2)'!C:C,'ABC-XYZ분석 (2)'!B:B) -> 신재품 | C16: ABC15 | F16: =_xlfn.XLOOKUP(표3[[#This Row],[SKU코드]],'ABC-XYZ분석 (2)'!C:C,'ABC-XYZ분석 (2)'!AC:AC) -> A | G16: =_xlfn.XLOOKUP(C16,'ABC-XYZ분석 (2)'!C:C,'ABC-XYZ분석 (2)'!AG:AG) -> Z | H16: =SUMIF(재고!C:C,재고분석!C16,재고!I:I) -> 0 | I16: =SUMIF(안전재고!A:A,재고분석!$C16,안전재고!I:I) -> 79 | J16: =SUMIF('ABC-XYZ분석 (2)'!C:C,재고분석!$C16,'ABC-XYZ분석 (2)'!X:X) -> 3.6666667 | K16: =IFERROR(재고분석!$J16/재고분석!$H16,"") | L16: =IFERROR(재고분석!$K16*12,"") | M16: =IFERROR(H16/(J16/30),"") -> 0 | N16: =IF(H16=0,"재고없음",IF(H16<I16,"부족",IF(H16<VLOOKUP(C16,공급물량!$B:$M,12,0)*0.8,"재주문",IF(H16<=VLOOKUP(C16,공급물량!$B:$M,12,0)*1.2,"적정","과잉")))) -> 재고없음 | O16: =IF(H16=0,"-",IF(K16>=0.5,"우수",IF(K16>=0.33,"적정",IF(K16>=0.17,"주의","불량")))) -> - | P16: =IF(N16="재고없음","긴급발주",IF(N16="부족","긴급발주",IF(AND(N16="재주문",OR(O16="우수",O16="적정")),"현상유지",IF(N16="재주문","발주검토",IF(AND(N16="적정",O16="불량"),"판촉검토",IF(N16="적정","현상유지",IF(AND(N16="과잉",OR(O16="우수",O16="적정")),"발주축소","판촉/할인검토"))))))) -> 긴급발주 | Q16: =_xlfn.XLOOKUP(재고분석!$C16,재고!C:C,재고!H:H) -> 32100 | R16: =Q16*H16 -> 0
B17: =_xlfn.XLOOKUP(C17,'ABC-XYZ분석 (2)'!C:C,'ABC-XYZ분석 (2)'!B:B) -> 신재품 | C17: ABC16 | F17: =_xlfn.XLOOKUP(표3[[#This Row],[SKU코드]],'ABC-XYZ분석 (2)'!C:C,'ABC-XYZ분석 (2)'!AC:AC) -> A | G17: =_xlfn.XLOOKUP(C17,'ABC-XYZ분석 (2)'!C:C,'ABC-XYZ분석 (2)'!AG:AG) -> Y | H17: =SUMIF(재고!C:C,재고분석!C17,재고!I:I) -> 24 | I17: =SUMIF(안전재고!A:A,재고분석!$C17,안전재고!I:I) -> 45 | J17: =SUMIF('ABC-XYZ분석 (2)'!C:C,재고분석!$C17,'ABC-XYZ분석 (2)'!X:X) -> 281.33333 | K17: =IFERROR(재고분석!$J17/재고분석!$H17,"") -> 11.722222 | L17: =IFERROR(재고분석!$K17*12,"") -> 140.66667 | M17: =IFERROR(H17/(J17/30),"") -> 2.5592417 | N17: =IF(H17=0,"재고없음",IF(H17<I17,"부족",IF(H17<VLOOKUP(C17,공급물량!$B:$M,12,0)*0.8,"재주문",IF(H17<=VLOOKUP(C17,공급물량!$B:$M,12,0)*1.2,"적정","과잉")))) -> 부족 | O17: =IF(H17=0,"-",IF(K17>=0.5,"우수",IF(K17>=0.33,"적정",IF(K17>=0.17,"주의","불량")))) -> 우수 | P17: =IF(N17="재고없음","긴급발주",IF(N17="부족","긴급발주",IF(AND(N17="재주문",OR(O17="우수",O17="적정")),"현상유지",IF(N17="재주문","발주검토",IF(AND(N17="적정",O17="불량"),"판촉검토",IF(N17="적정","현상유지",IF(AND(N17="과잉",OR(O17="우수",O17="적정")),"발주축소","판촉/할인검토"))))))) -> 긴급발주 | Q17: =_xlfn.XLOOKUP(재고분석!$C17,재고!C:C,재고!H:H) -> 42700 | R17: =Q17*H17 -> 1024800
B18: =_xlfn.XLOOKUP(C18,'ABC-XYZ분석 (2)'!C:C,'ABC-XYZ분석 (2)'!B:B) -> 신재품 | C18: ABC17 | F18: =_xlfn.XLOOKUP(표3[[#This Row],[SKU코드]],'ABC-XYZ분석 (2)'!C:C,'ABC-XYZ분석 (2)'!AC:AC) -> A | G18: =_xlfn.XLOOKUP(C18,'ABC-XYZ분석 (2)'!C:C,'ABC-XYZ분석 (2)'!AG:AG) -> Y | H18: =SUMIF(재고!C:C,재고분석!C18,재고!I:I) -> 10 | I18: =SUMIF(안전재고!A:A,재고분석!$C18,안전재고!I:I) -> 20 | J18: =SUMIF('ABC-XYZ분석 (2)'!C:C,재고분석!$C18,'ABC-XYZ분석 (2)'!X:X) -> 43.333333 | K18: =IFERROR(재고분석!$J18/재고분석!$H18,"") -> 4.3333333 | L18: =IFERROR(재고분석!$K18*12,"") -> 52 | M18: =IFERROR(H18/(J18/30),"") -> 6.9230769 | N18: =IF(H18=0,"재고없음",IF(H18<I18,"부족",IF(H18<VLOOKUP(C18,공급물량!$B:$M,12,0)*0.8,"재주문",IF(H18<=VLOOKUP(C18,공급물량!$B:$M,12,0)*1.2,"적정","과잉")))) -> 부족 | O18: =IF(H18=0,"-",IF(K18>=0.5,"우수",IF(K18>=0.33,"적정",IF(K18>=0.17,"주의","불량")))) -> 우수 | P18: =IF(N18="재고없음","긴급발주",IF(N18="부족","긴급발주",IF(AND(N18="재주문",OR(O18="우수",O18="적정")),"현상유지",IF(N18="재주문","발주검토",IF(AND(N18="적정",O18="불량"),"판촉검토",IF(N18="적정","현상유지",IF(AND(N18="과잉",OR(O18="우수",O18="적정")),"발주축소","판촉/할인검토"))))))) -> 긴급발주 | Q18: =_xlfn.XLOOKUP(재고분석!$C18,재고!C:C,재고!H:H) -> 42700 | R18: =Q18*H18 -> 427000
... B100: =_xlfn.XLOOKUP(C100,'ABC-XYZ분석 (2)'!C:C,'ABC-XYZ분석 (2)'!B:B) -> 기존제품 | C100: ABC99 | F100: =_xlfn.XLOOKUP(표3[[#This Row],[SKU코드]],'ABC-XYZ분석 (2)'!C:C,'ABC-XYZ분석 (2)'!AC:AC) -> C | G100: =_xlfn.XLOOKUP(C100,'ABC-XYZ분석 (2)'!C:C,'ABC-XYZ분석 (2)'!AG:AG) -> Y | H100: =SUMIF(재고!C:C,재고분석!C100,재고!I:I) -> 500 | I100: =SUMIF(안전재고!A:A,재고분석!$C100,안전재고!I:I) -> 7 | J100: =SUMIF('ABC-XYZ분석 (2)'!C:C,재고분석!$C100,'ABC-XYZ분석 (2)'!X:X) -> 34 | K100: =IFERROR(재고분석!$J100/재고분석!$H100,"") -> 0.068 | L100: =IFERROR(재고분석!$K100*12,"") -> 0.816 | M100: =IFERROR(H100/(J100/30),"") -> 441.17647 | N100: =IF(H100=0,"재고없음",IF(H100<I100,"부족",IF(H100<VLOOKUP(C100,공급물량!$B:$M,12,0)*0.8,"재주문",IF(H100<=VLOOKUP(C100,공급물량!$B:$M,12,0)*1.2,"적정","과잉")))) -> 과잉 | O100: =IF(H100=0,"-",IF(K100>=0.5,"우수",IF(K100>=0.33,"적정",IF(K100>=0.17,"주의","불량")))) -> 불량 | P100: =IF(N100="재고없음","긴급발주",IF(N100="부족","긴급발주",IF(AND(N100="재주문",OR(O100="우수",O100="적정")),"현상유지",IF(N100="재주문","발주검토",IF(AND(N100="적정",O100="불량"),"판촉검토",IF(N100="적정","현상유지",IF(AND(N100="과잉",OR(O100="우수",O100="적정")),"발주축소","판촉/할인검토"))))))) -> 판촉/할인검토 | Q100: =_xlfn.XLOOKUP(재고분석!$C100,재고!C:C,재고!H:H) -> 30000 | R100: =Q100*H100 -> 15000000

Sheet 공급물량
B1: SKU코드 | C1: 제품명 | D1: 카테고리 | E1: 계절 | F1: ABC 등급 | G1: XYZ 등급 | H1: 평균 일출고량 | I1: 리드 타임 | J1: 발주 주기 | K1: 안전재고 | L1: 현재고 | M1: 적정재고 | N1: 발주량 | O1: MOQ | P1: MOQ감안 발주량 | S1: ABC/ XYZ | T1: 보정 계수 | U1: (일평균출고 × LT × 사이클보정계수) + 안전재고
B2: ABC1 | E2: =_xlfn.XLOOKUP(표11[[#This Row],[SKU코드]],'ABC-XYZ분석 (2)'!C:C,'ABC-XYZ분석 (2)'!I:I) -> 여름 | F2: =_xlfn.XLOOKUP(표11[[#This Row],[SKU코드]],'ABC-XYZ분석 (2)'!C:C,'ABC-XYZ분석 (2)'!AC:AC) -> A | G2: =_xlfn.XLOOKUP(표11[[#This Row],[SKU코드]],'ABC-XYZ분석 (2)'!C:C,'ABC-XYZ분석 (2)'!AG:AG) -> Z | H2: =SUMIF('ABC-XYZ분석 (2)'!C:C,표11[[#This Row],[SKU코드]],'ABC-XYZ분석 (2)'!X:X)/30 -> 0.2 | I2: 30 | J2: 30 | K2: =SUMIF(안전재고!A:A,표11[[#This Row],[SKU코드]],안전재고!I:I) -> 212 | L2: =SUMIF(재고!C:C,공급물량!B2,재고!I:I) -> 1233 | M2: =H2*I2*VLOOKUP(F2&G2,{"AX",1;"AY",0.95;"AZ",0.85;"BX",0.95;"BY",0.85;"BZ",0.75;"CX",0.85;"CY",0.75;"CZ",0.65},2,0)+K2 -> 217.1 | N2: =MAX(0,(표11[[#This Row],[적정재고]]-표11[[#This Row],[현재고]])) -> 0 | O2: 500 | P2: =CEILING(표11[[#This Row],[발주량]],표11[[#This Row],[MOQ]]) -> 0 | S2: AX | T2: 1
B3: ABC2 | E3: =_xlfn.XLOOKUP(표11[[#This Row],[SKU코드]],'ABC-XYZ분석 (2)'!C:C,'ABC-XYZ분석 (2)'!I:I) -> 여름 | F3: =_xlfn.XLOOKUP(표11[[#This Row],[SKU코드]],'ABC-XYZ분석 (2)'!C:C,'ABC-XYZ분석 (2)'!AC:AC) -> A | G3: =_xlfn.XLOOKUP(표11[[#This Row],[SKU코드]],'ABC-XYZ분석 (2)'!C:C,'ABC-XYZ분석 (2)'!AG:AG) -> Z | H3: =SUMIF('ABC-XYZ분석 (2)'!C:C,표11[[#This Row],[SKU코드]],'ABC-XYZ분석 (2)'!X:X)/30 -> 0.21111111 | I3: 30 | J3: 30 | K3: =SUMIF(안전재고!A:A,표11[[#This Row],[SKU코드]],안전재고!I:I) -> 237 | L3: =SUMIF(재고!C:C,공급물량!B3,재고!I:I) -> 1865 | M3: =H3*I3*VLOOKUP(F3&G3,{"AX",1;"AY",0.95;"AZ",0.85;"BX",0.95;"BY",0.85;"BZ",0.75;"CX",0.85;"CY",0.75;"CZ",0.65},2,0)+K3 -> 242.38333 | N3: =MAX(0,(표11[[#This Row],[적정재고]]-표11[[#This Row],[현재고]])) -> 0 | O3: 500 | P3: =CEILING(표11[[#This Row],[발주량]],표11[[#This Row],[MOQ]]) -> 0 | S3: AY | T3: 0.95
B4: ABC3 | E4: =_xlfn.XLOOKUP(표11[[#This Row],[SKU코드]],'ABC-XYZ분석 (2)'!C:C,'ABC-XYZ분석 (2)'!I:I) -> 여름 | F4: =_xlfn.XLOOKUP(표11[[#This Row],[SKU코드]],'ABC-XYZ분석 (2)'!C:C,'ABC-XYZ분석 (2)'!AC:AC) -> A | G4: =_xlfn.XLOOKUP(표11[[#This Row],[SKU코드]],'ABC-XYZ분석 (2)'!C:C,'ABC-XYZ분석 (2)'!AG:AG) -> Z | H4: =SUMIF('ABC-XYZ분석 (2)'!C:C,표11[[#This Row],[SKU코드]],'ABC-XYZ분석 (2)'!X:X)/30 -> 0.37777778 | I4: 30 | J4: 30 | K4: =SUMIF(안전재고!A:A,표11[[#This Row],[SKU코드]],안전재고!I:I) -> 257 | L4: =SUMIF(재고!C:C,공급물량!B4,재고!I:I) -> 0 | M4: =H4*I4*VLOOKUP(F4&G4,{"AX",1;"AY",0.95;"AZ",0.85;"BX",0.95;"BY",0.85;"BZ",0.75;"CX",0.85;"CY",0.75;"CZ",0.65},2,0)+K4 -> 266.63333 | N4: =MAX(0,(표11[[#This Row],[적정재고]]-표11[[#This Row],[현재고]])) -> 266.63333 | O4: 500 | P4: =CEILING(표11[[#This Row],[발주량]],표11[[#This Row],[MOQ]]) -> 500 | S4: AZ | T4: 0.85
B5: ABC4 | E5: =_xlfn.XLOOKUP(표11[[#This Row],[SKU코드]],'ABC-XYZ분석 (2)'!C:C,'ABC-XYZ분석 (2)'!I:I) -> 여름 | F5: =_xlfn.XLOOKUP(표11[[#This Row],[SKU코드]],'ABC-XYZ분석 (2)'!C:C,'ABC-XYZ분석 (2)'!AC:AC) -> A | G5: =_xlfn.XLOOKUP(표11[[#This Row],[SKU코드]],'ABC-XYZ분석 (2)'!C:C,'ABC-XYZ분석 (2)'!AG:AG) -> Z | H5: =SUMIF('ABC-XYZ분석 (2)'!C:C,표11[[#This Row],[SKU코드]],'ABC-XYZ분석 (2)'!X:X)/30 -> 0.24444444 | I5: 30 | J5: 30 | K5: =SUMIF(안전재고!A:A,표11[[#This Row],[SKU코드]],안전재고!I:I) -> 518 | L5: =SUMIF(재고!C:C,공급물량!B5,재고!I:I) -> 0 | M5: =H5*I5*VLOOKUP(F5&G5,{"AX",1;"AY",0.95;"AZ",0.85;"BX",0.95;"BY",0.85;"BZ",0.75;"CX",0.85;"CY",0.75;"CZ",0.65},2,0)+K5 -> 524.23333 | N5: =MAX(0,(표11[[#This Row],[적정재고]]-표11[[#This Row],[현재고]])) -> 524.23333 | O5: 500 | P5: =CEILING(표11[[#This Row],[발주량]],표11[[#This Row],[MOQ]]) -> 1000 | S5: BX | T5: 0.95
B6: ABC5 | E6: =_xlfn.XLOOKUP(표11[[#This Row],[SKU코드]],'ABC-XYZ분석 (2)'!C:C,'ABC-XYZ분석 (2)'!I:I) -> 여름 | F6: =_xlfn.XLOOKUP(표11[[#This Row],[SKU코드]],'ABC-XYZ분석 (2)'!C:C,'ABC-XYZ분석 (2)'!AC:AC) -> A | G6: =_xlfn.XLOOKUP(표11[[#This Row],[SKU코드]],'ABC-XYZ분석 (2)'!C:C,'ABC-XYZ분석 (2)'!AG:AG) -> Z | H6: =SUMIF('ABC-XYZ분석 (2)'!C:C,표11[[#This Row],[SKU코드]],'ABC-XYZ분석 (2)'!X:X)/30 -> 0.17777778 | I6: 30 | J6: 30 | K6: =SUMIF(안전재고!A:A,표11[[#This Row],[SKU코드]],안전재고!I:I) -> 187 | L6: =SUMIF(재고!C:C,공급물량!B6,재고!I:I) -> 0 | M6: =H6*I6*VLOOKUP(F6&G6,{"AX",1;"AY",0.95;"AZ",0.85;"BX",0.95;"BY",0.85;"BZ",0.75;"CX",0.85;"CY",0.75;"CZ",0.65},2,0)+K6 -> 191.53333 | N6: =MAX(0,(표11[[#This Row],[적정재고]]-표11[[#This Row],[현재고]])) -> 191.53333 | O6: 500 | P6: =CEILING(표11[[#This Row],[발주량]],표11[[#This Row],[MOQ]]) -> 500 | S6: BY | T6: 0.85
B7: ABC6 | E7: =_xlfn.XLOOKUP(표11[[#This Row],[SKU코드]],'ABC-XYZ분석 (2)'!C:C,'ABC-XYZ분석 (2)'!I:I) -> 여름 | F7: =_xlfn.XLOOKUP(표11[[#This Row],[SKU코드]],'ABC-XYZ분석 (2)'!C:C,'ABC-XYZ분석 (2)'!AC:AC) -> A | G7: =_xlfn.XLOOKUP(표11[[#This Row],[SKU코드]],'ABC-XYZ분석 (2)'!C:C,'ABC-XYZ분석 (2)'!AG:AG) -> Z | H7: =SUMIF('ABC-XYZ분석 (2)'!C:C,표11[[#This Row],[SKU코드]],'ABC-XYZ분석 (2)'!X:X)/30 -> 0.16666667 | I7: 30 | J7: 30 | K7: =SUMIF(안전재고!A:A,표11[[#This Row],[SKU코드]],안전재고!I:I) -> 763 | L7: =SUMIF(재고!C:C,공급물량!B7,재고!I:I) -> 0 | M7: =H7*I7*VLOOKUP(F7&G7,{"AX",1;"AY",0.95;"AZ",0.85;"BX",0.95;"BY",0.85;"BZ",0.75;"CX",0.85;"CY",0.75;"CZ",0.65},2,0)+K7 -> 767.25 | N7: =MAX(0,(표11[[#This Row],[적정재고]]-표11[[#This Row],[현재고]])) -> 767.25 | O7: 500 | P7: =CEILING(표11[[#This Row],[발주량]],표11[[#This Row],[MOQ]]) -> 1000 | S7: BZ | T7: 0.75
B8: ABC7 | E8: =_xlfn.XLOOKUP(표11[[#This Row],[SKU코드]],'ABC-XYZ분석 (2)'!C:C,'ABC-XYZ분석 (2)'!I:I) -> 여름 | F8: =_xlfn.XLOOKUP(표11[[#This Row],[SKU코드]],'ABC-XYZ분석 (2)'!C:C,'ABC-XYZ분석 (2)'!AC:AC) -> A | G8: =_xlfn.XLOOKUP(표11[[#This Row],[SKU코드]],'ABC-XYZ분석 (2)'!C:C,'ABC-XYZ분석 (2)'!AG:AG) -> Z | H8: =SUMIF('ABC-XYZ분석 (2)'!C:C,표11[[#This Row],[SKU코드]],'ABC-XYZ분석 (2)'!X:X)/30 -> 0.2 | I8: 30 | J8: 30 | K8: =SUMIF(안전재고!A:A,표11[[#This Row],[SKU코드]],안전재고!I:I) -> 631 | L8: =SUMIF(재고!C:C,공급물량!B8,재고!I:I) -> 0 | M8: =H8*I8*VLOOKUP(F8&G8,{"AX",1;"AY",0.95;"AZ",0.85;"BX",0.95;"BY",0.85;"BZ",0.75;"CX",0.85;"CY",0.75;"CZ",0.65},2,0)+K8 -> 636.1 | N8: =MAX(0,(표11[[#This Row],[적정재고]]-표11[[#This Row],[현재고]])) -> 636.1 | O8: 500 | P8: =CEILING(표11[[#This Row],[발주량]],표11[[#This Row],[MOQ]]) -> 1000 | S8: CX | T8: 0.85
